1,1,asembler,49,46,1995-03-10T19:33,1996-05-08T01:19
2,1,demo.scena,107,100,1995-02-10T18:45,1996-07-19T13:23
3,1,grafika,167,161,1995-02-04T01:33,1999-03-24T15:17
4,1,hardver,297,279,1995-02-06T13:27,1999-05-11T15:49
5,1,igre,226,219,1995-03-08T21:04,1999-06-21T15:39
6,1,jezici,36,32,1995-02-04T06:19,1996-07-24T23:45
7,1,komunikacije,527,508,1995-02-07T01:18,1999-12-16T01:53
8,1,novosti,389,373,1995-02-03T21:59,1999-07-14T15:04
9,1,os,110,105,1995-03-02T13:29,1999-05-10T23:55
10,1,razno,439,411,1996-01-28T15:16,1999-06-16T14:28
11,1,tools,263,247,1995-02-04T09:10,1999-06-15T19:17
12,1,unknown,331,316,1995-02-03T12:19,1995-12-10T20:07
13,1,virusi,56,50,1995-03-01T16:42,1998-05-31T09:24
14,1,zvuk,96,86,1995-02-14T13:39,1997-06-13T09:05
15,2,c,76,76,1992-01-20T15:46,1993-11-07T20:32
16,2,diskovi,208,207,1992-01-28T13:24,1994-01-08T18:32
17,2,dtp,219,216,1992-03-04T11:45,1994-02-10T14:25
18,2,emulatori,333,323,1992-01-20T10:29,1994-02-10T11:31
19,2,etc.etc,1330,1310,1992-01-15T07:41,1994-02-10T06:28
20,2,grafika,140,138,1992-01-16T04:57,1994-02-02T00:40
21,2,hard.etc,324,318,1992-02-05T14:45,1994-02-08T01:45
22,2,help.etc,537,526,1992-01-15T09:17,1994-02-04T11:41
23,2,jezici,23,23,1992-03-24T10:50,1993-10-28T11:20
24,2,komunikacije,231,227,1992-01-21T14:14,1994-01-29T21:53
25,2,midi,20,19,1992-05-25T14:23,1994-01-26T12:27
26,2,obrada.teksta,84,81,1992-03-04T11:47,1994-01-18T22:40
27,2,programiranje,297,293,1992-01-22T17:15,1994-02-09T17:58
28,2,soft.etc,1054,1023,1992-01-17T18:13,1994-02-10T06:28
29,2,unknown,41,41,1992-03-15T06:49,1992-11-18T01:46
30,3,c,43,40,1994-07-08T20:37,1997-05-17T16:24
31,3,diskovi,80,77,1994-05-21T18:36,1997-10-02T12:41
32,3,dtp,194,191,1994-05-13T17:45,1997-09-23T17:19
33,3,emulatori,284,277,1994-02-11T06:03,1998-10-16T09:10
34,3,grafika,90,87,1994-02-18T14:14,1997-06-23T13:06
35,3,hardware,362,345,1994-02-25T20:38,1999-07-16T12:46
36,3,help,112,106,1994-02-16T18:18,1998-12-24T20:57
37,3,komunikacije,422,408,1994-02-27T11:48,1999-11-22T21:45
38,3,midi,26,25,1994-06-12T07:27,1997-04-08T14:41
39,3,obrada.teksta,107,101,1994-02-11T03:05,1997-09-23T14:00
40,3,programiranje,207,199,1994-02-18T02:23,1997-06-03T12:24
41,3,razno,1248,1202,1994-02-11T00:42,1998-09-09T07:41
42,3,software,963,913,1994-02-18T23:51,1999-05-18T09:49
43,3,tt_falcon,192,185,1994-10-02T00:05,1998-02-13T22:48
44,4,borland,257,244,1992-11-22T14:55,1994-01-29T16:57
45,4,microsoft,122,116,1992-11-22T16:40,1997-11-01T10:58
46,4,razno,255,248,1992-11-22T08:57,1997-05-03T09:48
47,5,chat,5927,5685,1996-06-07T16:48,1999-12-23T05:56
48,5,fisqltura,3127,2686,1998-10-02T07:21,1999-11-17T15:11
49,6,filozofija,615,597,1991-11-19T07:54,1992-09-30T14:49
50,6,istorija,291,284,1991-11-19T07:54,1992-09-29T13:46
51,6,knjizevnost,414,406,1991-11-19T07:55,1992-09-29T19:46
52,6,ko.je.ko,500,492,1992-01-08T08:45,1992-09-14T18:18
53,6,mozgalice,411,400,1991-11-19T07:55,1992-09-20T03:33
54,6,o.jeziku,1293,1268,1991-11-19T07:55,1992-09-29T18:34
55,6,razno,668,658,1991-11-19T07:55,1992-09-30T22:27
56,6,religija,630,617,1991-11-19T07:54,1992-09-24T13:18
57,6,umetnost,70,68,1991-11-19T07:54,1992-09-30T10:31
58,7,civ.savet,107,93,1996-09-30T21:50,1998-08-25T11:45
59,7,cyberworld,87,83,1996-09-30T21:50,1997-08-23T16:04
60,7,film,2070,1955,1996-09-30T21:50,1998-09-03T13:41
61,7,filozofija,449,434,1996-09-30T21:50,1998-07-10T05:43
62,7,galerija,1317,1241,1996-09-30T12:29,1998-09-03T00:51
63,7,hedonizam,1581,1559,1996-09-30T16:28,1998-08-31T05:03
64,7,istorija,302,297,1996-09-30T21:50,1998-08-29T16:00
65,7,"književnost",1042,1016,1996-09-30T21:50,1998-09-03T23:58
66,7,licni.stav,877,857,1996-09-30T21:50,1998-08-22T19:53
67,7,nauka,850,827,1996-09-30T21:50,1998-07-28T17:27
68,7,o.jeziku,312,302,1996-09-30T21:50,1998-09-03T09:27
69,7,oko.sveta,189,183,1996-09-30T21:50,1998-08-10T08:18
70,7,religija,594,581,1996-09-30T21:50,1998-06-21T15:35
71,7,umetnost,222,218,1996-09-30T21:50,1998-09-03T23:58
72,7,unknown,1,1,1996-09-07T08:15,1996-09-07T08:15
73,8,civ.savet,64,58,1998-11-08T18:53,1999-11-03T22:16
74,8,cyberworld,8,6,1999-07-10T11:15,1999-10-25T01:35
75,8,film,296,284,1998-09-03T14:26,1999-12-21T22:47
76,8,filozofija,186,176,1998-09-29T17:11,1999-11-09T12:24
77,8,galerija,324,309,1998-09-03T17:30,1999-12-23T03:23
78,8,hedonizam,123,119,1998-09-09T09:21,1999-12-23T18:23
79,8,istorija,71,69,1998-09-22T20:00,1999-09-29T15:11
80,8,"književnost",460,446,1998-09-04T00:37,1999-12-19T10:05
81,8,licni.stav,216,205,1998-09-05T00:32,1999-12-17T20:42
82,8,nauka,150,144,1998-09-13T10:06,1999-11-04T02:15
83,8,o.jeziku,35,34,1998-09-08T15:29,1999-12-18T21:51
84,8,oko.sveta,10,10,1998-10-15T21:08,1999-07-21T08:01
85,8,religija,7,6,1999-04-09T12:50,1999-10-20T19:47
86,8,umetnost,44,38,1998-09-04T00:37,1999-11-22T13:05
87,9,film,558,547,1992-10-01T11:50,1993-05-13T03:57
88,9,filozofija,91,88,1992-10-01T07:11,1993-03-07T03:10
89,9,istorija,12,12,1992-10-01T07:47,1993-02-26T01:15
90,9,knjizevnost,107,105,1992-10-01T23:56,1993-04-29T00:28
91,9,ko.je.ko,247,247,1992-10-01T07:11,1993-04-23T15:03
92,9,licni.stav,632,623,1992-10-01T02:15,1993-05-13T22:43
93,9,muzika,823,811,1992-10-01T21:58,1993-05-13T21:24
94,9,nauka,134,131,1992-10-01T10:09,1993-05-13T21:43
95,9,o.jeziku,623,603,1992-10-01T09:02,1993-05-13T20:25
96,9,razno,179,172,1992-10-01T21:38,1993-05-05T10:44
97,9,recnik,276,272,1992-12-23T13:58,1993-05-07T23:43
98,9,religija,1001,985,1992-10-01T12:58,1993-05-11T00:54
99,9,umetnost,245,240,1992-10-01T17:46,1993-05-05T13:19
100,9,unknown,30,29,1992-12-16T23:54,1993-02-23T06:07
101,10,film,340,336,1993-05-16T18:00,1993-10-20T20:47
102,10,filozofija,58,58,1993-06-17T11:01,1993-09-29T20:19
103,10,istorija,29,28,1993-05-14T07:35,1993-09-29T12:57
104,10,knjizevnost,303,300,1993-05-16T09:04,1993-10-20T20:52
105,10,ko.je.ko,105,104,1993-05-14T13:06,1993-09-07T07:41
106,10,licni.stav,615,605,1993-05-14T08:46,1993-10-10T23:19
107,10,muzika,2192,2177,1993-05-13T23:37,1993-10-20T18:33
108,10,nauka,47,46,1993-05-14T00:08,1993-10-06T08:57
109,10,o.jeziku,886,865,1993-05-16T11:08,1993-10-20T18:02
110,10,razno,95,94,1993-05-16T08:34,1993-10-19T08:05
111,10,recnik,159,155,1993-05-31T12:08,1993-10-20T08:29
112,10,religija,7,7,1993-05-27T12:05,1993-08-29T19:47
113,10,umetnost,51,49,1993-06-03T15:32,1993-10-20T12:58
114,10,unknown,45,45,1993-06-08T06:44,1993-10-19T13:30
115,11,aforizmi,29,29,1993-10-21T20:23,1993-12-14T18:21
116,11,deponija,425,418,1993-10-21T11:12,1993-12-16T20:33
117,11,film,329,322,1993-10-20T23:18,1993-12-17T07:02
118,11,filozofija,155,152,1993-10-25T00:16,1993-12-17T06:56
119,11,istorija,142,141,1993-11-19T00:18,1993-12-17T00:56
120,11,knjizevnost,1103,1097,1993-10-20T21:11,1993-12-13T23:28
121,11,ko.je.ko,125,125,1993-10-23T07:52,1993-12-17T07:06
122,11,licni.stav,251,249,1993-10-21T13:51,1993-12-17T07:02
123,11,muzika,458,453,1993-10-20T22:12,1993-12-17T08:00
124,11,nauka,14,13,1993-11-09T11:37,1993-12-14T03:55
125,11,o.jeziku,172,166,1993-10-21T06:14,1993-12-16T10:18
126,11,oko.sveta,251,250,1993-10-21T00:12,1993-12-14T19:26
127,11,umetnost,23,22,1993-10-20T22:12,1993-11-27T21:43
128,11,unknown,21,21,1993-11-05T08:38,1993-11-25T19:10
129,12,deponija,58,58,1994-02-22T06:37,1994-04-10T12:36
130,12,film,692,688,1994-02-02T21:35,1994-04-11T12:12
131,12,filozofija,15,14,1994-03-11T14:17,1994-04-02T08:31
132,12,istorija,16,16,1994-02-08T12:05,1994-03-11T09:26
133,12,knjizevnost,206,205,1994-02-05T03:48,1994-04-11T12:12
134,12,ko.je.ko,377,336,1994-02-06T08:37,1994-04-07T07:21
135,12,licni.stav,669,663,1994-02-02T17:42,1994-04-11T04:37
136,12,muzika,581,574,1994-02-07T09:46,1994-04-11T07:50
137,12,nauka,82,82,1994-02-04T22:43,1994-04-11T12:12
138,12,o.jeziku,1892,1875,1994-02-03T05:46,1994-04-11T01:55
139,12,oko.sveta,124,123,1994-02-16T17:27,1994-04-09T18:39
140,12,religija,24,23,1994-03-29T11:08,1994-04-08T02:23
141,12,satira,32,32,1994-02-14T20:33,1994-04-10T18:33
142,12,skola,201,200,1994-02-22T13:54,1994-04-11T11:35
143,12,umetnost,31,30,1994-02-16T09:11,1994-04-09T12:47
144,13,enciklopedija,163,155,1994-04-13T02:42,1994-06-20T08:30
145,13,film,675,666,1994-04-11T13:41,1994-07-06T19:46
146,13,filozofija,4,4,1994-04-21T22:08,1994-04-29T05:01
147,13,istorija,21,21,1994-04-22T16:44,1994-06-01T15:51
148,13,knjizevnost,140,135,1994-04-11T13:39,1994-07-01T09:21
149,13,licni.stav,830,817,1994-04-12T05:13,1994-07-06T20:38
150,13,muzika,2079,2052,1994-04-11T13:40,1994-07-06T11:33
151,13,nauka,119,118,1994-04-12T05:13,1994-07-05T09:13
152,13,o.jeziku,189,188,1994-04-12T05:13,1994-06-27T00:08
153,13,oko.sveta,370,349,1994-04-12T05:13,1994-06-24T00:04
154,13,religija,93,92,1994-04-11T18:06,1994-06-04T16:56
155,13,savet,165,147,1994-04-11T18:11,1994-07-06T10:39
156,13,skola,94,93,1994-04-11T12:35,1994-06-28T00:16
157,13,umetnost,13,12,1994-04-17T17:39,1994-06-16T10:33
158,14,cyber.culture,208,206,1994-09-23T06:41,1994-10-25T14:20
159,14,enciklopedija,192,190,1994-07-07T13:00,1994-10-25T19:59
160,14,film,680,670,1994-07-07T02:38,1994-10-22T15:00
161,14,filozofija,10,9,1994-08-27T14:58,1994-10-13T22:51
162,14,istorija,7,6,1994-08-05T14:07,1994-08-07T21:04
163,14,knjizevnost,81,80,1994-07-10T12:24,1994-10-24T16:15
164,14,licni.stav,255,250,1994-07-06T23:58,1994-10-13T13:01
165,14,muzika,1963,1941,1994-07-07T01:00,1994-10-25T23:01
166,14,nauka,193,190,1994-07-08T12:55,1994-10-25T19:07
167,14,o.jeziku,165,161,1994-07-10T12:24,1994-10-25T13:29
168,14,oko.sveta,312,308,1994-07-08T05:37,1994-10-26T00:23
169,14,religija,682,669,1994-07-10T11:36,1994-10-15T21:52
170,14,savet,102,101,1994-07-06T22:55,1994-10-17T09:27
171,14,skola,49,46,1994-07-10T11:37,1994-10-26T00:23
172,14,umetnost,17,16,1994-07-10T11:36,1994-10-21T09:10
173,15,cyber.culture,155,151,1994-10-27T09:56,1995-04-08T13:57
174,15,enciklopedija,7,6,1994-11-07T23:39,1995-02-09T15:42
175,15,film,1620,1608,1994-10-26T18:10,1995-04-24T16:36
176,15,filozofija,35,35,1995-01-14T00:10,1995-04-23T19:48
177,15,istorija,41,41,1994-11-17T12:02,1995-04-23T18:45
178,15,knjizevnost,498,486,1994-10-31T15:13,1995-04-24T14:44
179,15,licni.stav,245,239,1994-10-26T15:16,1995-04-24T14:26
180,15,nauka,67,65,1994-11-03T09:13,1995-04-21T11:25
181,15,o.jeziku,638,628,1994-10-31T10:16,1995-04-24T15:22
182,15,oko.sveta,148,146,1994-10-26T23:53,1995-04-24T08:08
183,15,religija,806,799,1994-11-06T20:12,1995-04-24T08:08
184,15,savet,14,12,1994-10-28T06:39,1995-04-23T19:19
185,15,skola,695,693,1994-10-26T05:11,1995-04-16T22:50
186,15,umetnost,31,30,1994-10-28T00:43,1995-04-12T12:23
187,16,civ.savet,70,67,1995-05-02T06:27,1996-09-29T20:25
188,16,cyber.culture,67,66,1995-04-26T16:08,1996-03-25T10:55
189,16,dileme,281,278,1996-01-22T02:27,1996-02-24T10:23
190,16,enciklopedija,11,10,1995-07-05T21:22,1996-01-23T06:07
191,16,film,1293,1267,1995-04-25T16:36,1996-09-30T08:33
192,16,filozofija,206,193,1995-04-30T11:45,1996-09-15T14:05
193,16,galerija,462,439,1996-02-27T15:40,1996-09-30T14:05
194,16,hedonizam,1158,1138,1996-02-27T06:13,1996-09-30T13:03
195,16,istorija,67,64,1995-04-24T21:59,1996-07-29T10:01
196,16,knjizevnost,552,531,1995-04-25T11:18,1996-09-29T20:25
197,16,licni.stav,2034,1981,1995-04-25T08:42,1996-09-28T17:57
198,16,nauka,615,590,1995-04-28T08:51,1996-09-30T14:10
199,16,o.jeziku,686,671,1995-04-24T21:38,1996-09-05T12:46
200,16,oko.sveta,823,799,1995-04-25T18:22,1996-09-27T15:04
201,16,religija,883,853,1995-04-26T00:08,1996-09-20T16:53
202,16,skola,616,607,1995-05-15T10:19,1996-09-02T14:38
203,16,umetnost,176,167,1995-04-26T13:10,1996-09-13T17:35
204,17,automobili,515,507,1991-01-08T01:07,1992-03-13T22:44
205,17,biznis,219,216,1991-08-04T16:21,1992-02-27T16:49
206,17,etf,168,157,1991-11-21T02:39,1992-03-14T02:43
207,17,flight.sim,239,236,1991-04-29T21:08,1992-02-18T13:11
208,17,hi.fi,300,297,1991-02-27T02:23,1992-03-06T00:26
209,17,literatura,51,51,1991-10-03T10:11,1991-11-04T13:58
210,17,misterije,1332,1324,1992-01-04T19:27,1992-03-14T09:43
211,17,muzika,244,237,1991-07-12T01:29,1992-03-01T21:13
212,17,pokretne.slike,276,270,1991-07-12T01:30,1992-03-11T00:04
213,17,razno,249,244,1991-02-26T07:24,1992-03-14T01:43
214,17,sf,425,422,1991-11-03T19:34,1992-03-14T08:45
215,17,sport,224,221,1991-11-04T18:12,1992-03-14T08:50
216,17,vazduhoplovstvo,125,123,1991-01-08T01:06,1992-03-06T20:12
217,17,zvezde,633,618,1991-09-08T00:05,1992-03-14T09:43
218,18,automobili,313,297,1998-02-21T23:52,1999-08-20T17:48
219,18,avioni,131,125,1998-02-27T19:11,1999-10-09T23:55
220,18,biznis,8,8,1998-07-09T23:38,1998-09-17T22:03
221,18,etf,279,267,1998-03-16T19:54,1999-11-27T01:09
222,18,fon,83,80,1998-03-20T00:22,1999-08-22T12:27
223,18,fotografija,80,76,1998-02-24T15:44,1999-10-16T11:09
224,18,ham-radio,36,36,1998-07-07T21:19,1999-09-22T13:55
225,18,hi.fi,72,65,1998-02-21T20:50,1999-08-23T22:29
226,18,ljubimci,77,77,1998-03-13T00:34,1999-06-24T07:19
227,18,mg,44,44,1998-02-26T00:37,1999-06-03T15:02
228,18,misterije,356,337,1998-02-22T18:49,1999-08-30T23:28
229,18,oruzje,26,26,1998-03-02T15:31,1999-11-15T12:01
230,18,razno,671,644,1998-02-23T21:38,1999-11-21T09:58
231,18,sf,235,232,1998-02-21T23:30,1999-09-22T14:19
232,18,strip,76,72,1998-03-07T18:23,1999-10-09T07:44
233,18,tv,27,23,1998-03-16T23:10,1999-09-16T15:25
234,18,yucca,3,3,1998-07-21T10:57,1998-07-22T10:11
235,18,zvezde,294,278,1998-03-12T23:46,1999-12-20T08:25
236,19,automobili,290,285,1992-03-18T10:24,1997-02-27T18:27
237,19,avioni,385,383,1992-03-14T15:20,1992-09-25T13:34
238,19,biznis,165,162,1992-03-23T16:01,1992-09-25T09:48
239,19,etf,322,316,1992-03-14T15:19,1992-09-24T14:50
240,19,film,243,240,1992-03-16T14:05,1992-09-23T20:57
241,19,hi.fi,135,135,1992-03-15T15:19,1992-09-23T17:18
242,19,misterije,523,519,1992-03-14T16:28,1992-09-25T20:59
243,19,muzika,971,959,1992-03-26T01:59,1998-04-12T12:07
244,19,razno,647,641,1992-03-14T15:00,1992-09-26T09:08
245,19,sf,156,152,1992-03-15T19:32,1992-09-19T19:33
246,19,sport,808,795,1992-03-14T21:45,1992-09-25T23:48
247,19,zvezde,358,354,1992-03-14T17:11,1992-09-06T06:37
248,20,automobili,431,421,1992-10-01T20:19,1993-07-20T18:25
249,20,avioni,389,384,1992-09-30T17:32,1993-07-20T22:46
250,20,biznis,391,385,1992-11-13T11:15,1993-07-20T20:58
251,20,eng,59,58,1993-05-02T22:52,1993-07-19T22:45
252,20,etf,295,290,1992-09-27T07:49,1993-07-20T10:36
253,20,fotografija,238,233,1992-10-01T01:15,1993-07-06T10:25
254,20,hi.fi,439,431,1992-09-26T17:13,1993-07-21T06:43
255,20,mg,167,166,1992-09-26T15:15,1993-06-18T09:27
256,20,misterije,137,134,1992-09-29T13:21,1993-07-07T12:57
257,20,razno,707,686,1992-09-26T15:36,1993-07-19T21:57
258,20,samogradnje,20,20,1993-05-30T13:06,1993-07-19T13:21
259,20,sf,495,486,1992-09-27T14:45,1993-07-19T19:10
260,20,sport,1012,1000,1992-10-03T20:58,1993-07-13T14:30
261,20,zvezde,181,176,1992-10-08T13:33,1993-07-19T20:33
262,21,automobili,581,574,1993-07-21T13:12,1993-12-01T22:25
263,21,avioni,18,18,1993-08-16T22:17,1993-12-04T02:28
264,21,biznis,719,706,1993-07-21T15:49,1993-12-04T00:06
265,21,eng,1,1,1993-07-21T21:41,1993-07-21T21:41
266,21,etf,74,74,1993-07-22T14:06,1993-11-12T20:23
267,21,fotografija,40,39,1993-07-28T14:15,1993-12-03T22:55
268,21,hi.fi,404,402,1993-07-21T22:19,1993-12-03T18:05
269,21,mg,110,108,1993-07-22T13:09,1993-12-02T21:06
270,21,misterije,1637,1633,1993-07-27T14:25,1993-11-29T12:38
271,21,razno,180,178,1993-07-21T11:16,1993-12-03T19:55
272,21,samogradnje,26,26,1993-08-05T07:13,1993-10-11T16:27
273,21,sf,286,285,1993-07-22T05:45,1993-12-03T16:43
274,21,sport,327,324,1993-08-22T03:27,1993-12-03T19:38
275,21,tv,45,45,1993-09-30T21:02,1993-12-04T01:30
276,21,zvezde,474,472,1993-07-25T17:12,1993-12-03T08:26
277,22,automobili,243,238,1993-12-18T10:05,1994-06-09T23:38
278,22,biznis,664,650,1993-12-05T13:16,1994-06-18T12:04
279,22,cadua,118,114,1994-05-25T18:28,1994-06-18T11:13
280,22,etf,136,135,1993-12-06T22:29,1994-06-15T19:45
281,22,fotografija,154,154,1993-12-04T18:05,1994-06-18T15:44
282,22,hi.fi,492,483,1993-12-05T12:16,1994-06-14T07:29
283,22,mg,214,214,1993-12-11T20:44,1994-06-12T13:19
284,22,misterije,779,760,1993-12-06T08:32,1994-06-18T18:02
285,22,razno,461,451,1993-12-04T19:16,1994-06-18T16:15
286,22,sf,182,177,1993-12-04T18:27,1994-06-17T10:41
287,22,sport,542,538,1993-12-04T21:39,1994-06-18T17:37
288,22,tv,257,251,1993-12-07T01:55,1994-06-18T18:57
289,22,yucca,597,593,1994-03-14T12:57,1994-06-18T04:14
290,22,zvezde,111,110,1993-12-20T02:08,1994-05-24T16:26
291,23,automobili,90,87,1994-06-18T22:34,1994-10-07T21:54
292,23,avioni,515,510,1994-06-18T22:29,1994-10-11T17:23
293,23,biznis,210,207,1994-06-19T05:45,1994-10-11T15:00
294,23,cadua,213,209,1994-06-18T23:43,1994-10-09T17:26
295,23,etf,123,121,1994-06-22T02:03,1994-10-10T21:32
296,23,hi.fi,427,424,1994-06-18T21:48,1994-10-11T10:08
297,23,mg,36,36,1994-06-19T16:55,1994-10-08T08:24
298,23,misterije,176,173,1994-06-20T08:35,1994-10-09T13:17
299,23,oruzje,168,167,1994-09-12T03:22,1994-09-28T19:55
300,23,razno,1512,1501,1994-06-18T19:09,1994-10-11T13:52
301,23,sf,64,58,1994-06-20T08:35,1994-09-26T09:06
302,23,sport,950,941,1994-06-18T23:22,1994-10-08T08:24
303,23,tv,114,109,1994-06-20T07:47,1994-10-11T09:04
304,23,yucca,235,234,1994-06-22T16:42,1994-10-11T16:34
305,23,zvezde,167,163,1994-06-18T20:31,1994-10-11T15:48
306,24,automobili,261,256,1994-10-12T08:10,1995-04-18T16:20
307,24,avioni,185,183,1994-10-11T22:22,1995-04-13T12:41
308,24,biznis,301,292,1994-10-11T22:21,1995-04-13T14:21
309,24,cadua,78,76,1994-10-13T14:31,1995-04-16T11:57
310,24,etf,56,56,1994-10-16T15:04,1995-04-19T16:32
311,24,fotografija,419,403,1994-11-20T22:52,1995-04-14T20:11
312,24,hi.fi,186,181,1994-10-12T22:33,1995-04-18T23:56
313,24,mg,18,18,1994-10-15T01:10,1995-02-23T15:02
314,24,misterije,441,431,1994-10-20T19:50,1995-04-19T05:57
315,24,oruzje,65,65,1994-10-13T03:17,1995-03-05T17:28
316,24,razno,1071,1030,1994-10-15T08:50,1995-04-19T18:15
317,24,sf,278,277,1994-10-13T23:58,1995-04-12T19:52
318,24,sport,878,872,1994-10-11T22:10,1995-04-19T09:32
319,24,tv,189,185,1994-10-12T14:28,1995-04-13T00:00
320,24,yucca,425,417,1994-10-14T04:21,1995-04-16T14:49
321,24,zvezde,149,148,1994-10-16T23:33,1995-04-12T23:15
322,25,automobili,306,300,1995-04-20T13:19,1995-12-05T19:46
323,25,avioni,207,207,1995-04-28T17:56,1995-11-30T15:53
324,25,biznis,90,88,1995-04-20T05:41,1995-11-30T22:18
325,25,cadua,91,86,1995-04-21T15:46,1995-12-07T00:15
326,25,etf,236,234,1995-05-24T10:46,1995-12-08T15:27
327,25,fotografija,218,216,1995-04-20T06:01,1995-12-05T11:56
328,25,hi.fi,397,392,1995-04-24T18:04,1995-12-01T11:15
329,25,mg,14,13,1995-05-14T17:21,1995-12-08T15:28
330,25,misterije,577,570,1995-04-24T17:30,1995-11-28T08:00
331,25,oruzje,15,14,1995-05-27T03:49,1995-12-03T17:18
332,25,razno,433,423,1995-04-29T07:44,1995-12-08T15:28
333,25,sf,194,188,1995-04-20T12:59,1995-11-25T15:13
334,25,sport,1742,1696,1995-04-20T05:58,1995-12-08T15:27
335,25,tv,296,292,1995-04-20T10:53,1995-12-05T18:31
336,25,yucca,121,115,1995-04-20T04:42,1995-12-05T19:38
337,25,zvezde,63,60,1995-04-21T05:52,1995-10-28T20:45
338,26,automobili,1021,991,1995-12-10T14:57,1998-02-12T23:30
339,26,avioni,598,571,1995-12-08T21:26,1998-02-12T14:37
340,26,biznis,285,267,1996-02-01T14:17,1998-02-11T18:22
341,26,cadua,16,16,1995-12-09T14:39,1997-05-17T17:04
342,26,etf,177,169,1995-12-08T22:15,1997-12-03T07:20
343,26,fon,648,630,1996-07-05T02:02,1998-02-07T20:10
344,26,fotografija,1058,1020,1995-12-08T23:26,1998-02-14T09:45
345,26,ham-radio,891,886,1996-06-12T15:32,1998-02-12T13:22
346,26,hi.fi,457,433,1995-12-09T11:52,1998-02-06T22:19
347,26,ljubimci,107,94,1996-04-14T10:04,1998-01-18T07:50
348,26,mg,327,313,1996-05-20T21:10,1998-01-23T12:36
349,26,misterije,1553,1475,1996-01-29T00:23,1998-01-24T11:43
350,26,oruzje,108,105,1995-12-08T22:01,1998-01-13T00:34
351,26,razno,824,807,1995-12-09T04:04,1998-02-12T21:23
352,26,sf,791,761,1996-02-09T00:57,1998-02-12T14:17
353,26,sport,511,503,1995-12-08T22:14,1996-02-29T20:40
354,26,strip,294,285,1996-04-13T20:45,1998-01-23T12:03
355,26,tv,178,170,1995-12-10T04:26,1997-12-10T14:57
356,26,yucca,8,8,1995-12-09T20:12,1996-04-25T21:57
357,26,zvezde,149,138,1996-03-13T19:38,1998-01-28T05:51
358,27,bonton,105,102,1990-02-01T11:22,1990-09-11T13:09
359,27,civilizacija,74,73,1990-08-22T03:11,1990-10-29T23:16
360,27,devojke,343,334,1989-11-23T04:41,1990-12-12T04:28
361,27,gde.smo,1029,1009,1990-03-05T18:30,1990-12-11T09:53
362,27,jugoslavija,470,457,1990-03-26T00:56,1990-12-13T22:52
363,27,klub,282,279,1990-04-01T07:32,1990-12-11T16:19
364,27,literatura,128,127,1989-11-25T18:57,1990-11-22T20:54
365,27,ljudska.prava,244,237,1990-01-27T09:20,1990-11-10T11:18
366,27,muzika,358,355,1990-05-12T21:34,1990-12-13T11:37
367,27,novine,51,49,1990-03-16T21:30,1990-11-23T19:25
368,27,pokretne.slike,70,69,1989-12-18T02:07,1990-12-08T22:15
369,27,price,65,65,1989-11-14T03:48,1990-10-26T14:13
370,27,razno,273,270,1989-11-14T03:48,1990-12-13T14:04
371,27,religija,90,89,1990-12-01T20:26,1990-12-14T10:53
372,27,sport,264,262,1990-01-23T12:16,1990-12-06T07:58
373,27,stranke,652,616,1990-01-23T00:50,1999-10-26T20:35
374,27,strip,30,30,1990-05-18T16:24,1990-10-24T16:53
375,27,svet,145,145,1989-12-20T19:35,1990-11-22T12:00
376,27,trac,66,66,1989-11-15T05:03,1990-11-30T14:19
377,27,vazduhoplovstvo,74,70,1990-09-21T21:49,1990-12-11T10:28
378,27,vlada,61,61,1989-12-18T22:18,1990-11-25T19:07
379,27,zvezde,60,56,1989-12-07T23:28,1990-10-01T21:49
380,28,devojke,1279,1246,1993-12-08T16:11,1994-03-31T17:38
381,28,ex.yu,56,55,1993-12-18T13:57,1994-03-31T10:11
382,28,gde.smo,26,26,1993-12-08T14:31,1994-03-09T21:22
383,28,iseljenje,122,121,1993-12-10T12:28,1994-04-01T02:25
384,28,jugoslavija,21,21,1994-01-13T04:15,1994-03-16T02:20
385,28,ljudska.prava,2,2,1994-02-13T19:36,1994-02-15T03:18
386,28,mediji,662,657,1993-12-10T10:12,1994-04-01T02:25
387,28,razno,79,75,1993-12-09T13:29,1994-03-24T12:33
388,28,srbija,2430,2311,1993-12-08T16:11,1994-03-31T23:01
389,28,svet,17,17,1994-01-11T11:02,1994-02-09T15:29
390,28,trac,130,121,1993-12-09T20:35,1994-04-01T02:25
391,28,unknown,89,80,1993-12-08T14:45,1994-01-10T03:13
392,29,devojke,3661,3612,1994-04-01T06:35,1994-06-27T00:55
393,29,ex.yu,465,460,1994-04-16T16:53,1994-06-27T01:34
394,29,gde.smo,12,11,1994-04-01T03:18,1994-06-14T11:03
395,29,iseljenje,94,93,1994-04-01T03:50,1994-06-26T01:36
396,29,jugoslavija,27,27,1994-04-10T17:56,1994-05-24T10:06
397,29,ljudska.prava,3,3,1994-05-14T21:36,1994-05-23T23:40
398,29,mediji,123,122,1994-04-02T00:08,1994-06-26T15:35
399,29,razno,184,183,1994-04-11T18:36,1994-06-21T23:14
400,29,srbija,120,117,1994-04-01T14:06,1994-06-27T01:20
401,29,svet,3,3,1994-05-01T21:28,1994-05-27T23:54
402,29,trac,274,268,1994-04-01T06:35,1994-06-24T18:12
403,30,devojke,1986,1950,1994-06-27T08:14,1994-11-27T23:39
404,30,ex.yu,2183,2168,1994-06-27T05:18,1994-11-27T18:46
405,30,gde.smo,77,76,1994-06-27T08:18,1994-09-28T11:14
406,30,iseljenje,54,52,1994-07-21T18:48,1994-11-27T11:59
407,30,jugoslavija,16,10,1994-08-18T09:04,1994-10-10T23:14
408,30,mediji,140,136,1994-06-27T10:07,1994-11-25T09:26
409,30,razno,61,59,1994-06-28T13:59,1994-11-24T20:43
410,30,srbija,437,432,1994-06-27T05:18,1994-11-27T19:49
411,30,svet,14,13,1994-07-10T21:18,1994-10-17T13:35
412,30,trac,30,29,1994-07-09T16:57,1994-11-24T09:22
413,30,unknown,1,1,1994-10-16T12:07,1994-10-16T12:07
414,31,devojke,1269,1254,1994-11-28T00:39,1995-05-07T19:39
415,31,ex.yu,850,844,1994-11-28T11:03,1995-05-09T01:16
416,31,gde.smo,43,43,1994-11-28T00:18,1995-05-03T12:35
417,31,iseljenje,149,147,1994-11-29T12:25,1995-04-27T12:57
418,31,jugoslavija,343,340,1995-01-29T04:23,1995-05-02T14:39
419,31,ljudska.prava,1,1,1995-02-27T02:57,1995-02-27T02:57
420,31,mediji,70,69,1995-01-20T23:19,1995-05-08T06:37
421,31,razno,229,229,1994-11-30T09:45,1995-05-08T07:26
422,31,srbija,1461,1442,1994-11-28T04:59,1995-05-07T09:05
423,31,svet,397,390,1994-11-30T08:36,1995-04-23T15:28
424,31,trac,59,57,1994-12-09T03:21,1995-03-19T00:17
425,32,devojke,936,924,1995-05-09T05:48,1995-08-18T09:41
426,32,ex.yu,1695,1674,1995-05-09T08:57,1995-08-18T14:58
427,32,gde.smo,1261,1244,1995-05-09T01:55,1995-08-18T17:27
428,32,iseljenje,93,88,1995-05-09T22:06,1995-08-16T22:50
429,32,jugoslavija,10,10,1995-05-18T01:42,1995-08-17T06:43
430,32,ljudska.prava,9,9,1995-07-04T17:06,1995-08-01T15:28
431,32,mediji,16,14,1995-05-25T16:56,1995-07-04T17:00
432,32,razno,94,94,1995-05-09T16:14,1995-08-18T12:14
433,32,srbija,390,386,1995-05-12T09:13,1995-08-18T15:36
434,32,svet,49,46,1995-05-12T09:13,1995-07-13T11:48
435,32,trac,33,33,1995-05-14T06:11,1995-07-21T18:09
436,32,vesti,414,410,1995-07-10T10:26,1995-08-18T17:32
437,33,devojke,296,288,1995-08-22T13:10,1995-11-30T19:20
438,33,ex.yu,2520,2495,1995-08-19T06:59,1995-12-02T15:02
439,33,gde.smo,1174,1167,1995-08-19T04:11,1995-11-23T07:56
440,33,iseljenje,63,62,1995-08-19T14:11,1995-11-27T19:49
441,33,jugoslavija,12,12,1995-10-01T19:32,1995-11-24T05:20
442,33,ljudska.prava,167,158,1995-09-14T13:07,1995-11-17T20:07
443,33,mediji,12,9,1995-09-12T13:39,1995-10-30T11:02
444,33,razno,71,70,1995-08-19T12:22,1995-12-01T08:02
445,33,srbija,482,473,1995-08-19T07:00,1995-12-02T14:47
446,33,svet,3,1,1995-11-18T17:54,1995-11-18T17:54
447,33,trac,108,103,1995-08-31T18:14,1995-12-01T23:26
448,33,vesti,92,90,1995-08-19T08:49,1995-12-02T12:16
449,34,devojke,1885,1805,1995-12-03T02:36,1996-11-22T00:49
450,34,ex.yu,2378,2194,1995-12-02T18:46,1996-11-18T12:03
451,34,gde.smo,82,76,1995-12-04T12:00,1996-11-21T22:33
452,34,iseljenje,126,119,1995-12-02T22:17,1996-11-21T01:45
453,34,jugoslavija,1753,1712,1995-12-02T21:13,1996-11-13T17:11
454,34,ljudska.prava,50,50,1996-06-21T16:37,1996-09-17T00:11
455,34,mediji,227,224,1996-02-15T17:10,1996-10-08T23:52
456,34,razno,562,546,1995-12-04T08:18,1996-11-17T20:20
457,34,srbija,2346,2302,1995-12-02T18:53,1996-11-22T01:04
458,34,svet,537,528,1995-12-02T21:17,1996-11-03T22:04
459,34,trac,32,30,1995-12-04T02:29,1996-11-22T00:33
460,34,unknown,16,16,1996-01-18T23:36,1996-01-30T15:36
461,34,vesti,7,6,1995-12-02T21:17,1996-05-20T20:06
462,35,devojke,2150,2062,1996-11-22T13:09,1997-07-02T18:50
463,35,ex.yu,24,24,1996-11-22T08:30,1997-06-03T18:24
464,35,gde.smo,372,333,1996-11-22T04:35,1997-06-14T13:22
465,35,iseljenje,28,28,1996-12-07T10:42,1997-04-24T10:12
466,35,jugoslavija,20,20,1996-11-28T00:18,1997-05-06T23:25
467,35,ljudska.prava,6,6,1996-11-22T17:11,1997-06-03T00:50
468,35,mediji,479,462,1996-11-22T17:10,1997-06-26T10:37
469,35,razno,343,337,1996-11-24T00:19,1997-07-02T04:59
470,35,srbija,3429,3321,1996-11-22T08:31,1997-06-29T20:08
471,35,svet,10,10,1997-01-17T10:30,1997-05-06T12:34
472,35,trac,336,330,1996-11-24T00:03,1997-06-23T10:38
473,35,vesti,2773,2739,1996-11-28T16:09,1997-02-15T03:43
474,36,devojke,2921,2507,1997-07-02T21:04,1999-03-31T16:19
475,36,ex.yu,28,28,1997-07-12T18:09,1999-03-30T16:30
476,36,gde.smo,1260,1244,1997-07-12T18:07,1999-04-02T12:27
477,36,iseljenje,95,93,1997-07-12T18:15,1999-02-19T16:46
478,36,jugoslavija,235,226,1997-07-12T18:08,1999-04-04T15:00
479,36,ljudska.prava,811,789,1997-07-11T08:08,1999-01-29T16:29
480,36,mediji,255,248,1997-07-12T18:12,1999-04-03T09:34
481,36,razno,414,399,1997-07-03T00:03,1999-02-25T01:15
482,36,srbija,1573,1530,1997-07-12T18:10,1999-04-04T15:39
483,36,svet,277,262,1997-07-12T18:11,1999-03-28T09:16
484,36,"trač",200,191,1997-07-12T18:13,1999-01-21T17:20
485,36,vesti,1028,1007,1997-07-12T18:16,1999-03-31T09:11
486,37,devojke,1244,1062,1999-02-02T19:54,1999-12-19T23:14
487,37,ex.yu,23,23,1999-04-01T17:03,1999-09-09T10:08
488,37,gde.smo,819,786,1999-02-03T06:10,1999-12-17T22:52
489,37,iseljenje,18,17,1999-04-22T15:50,1999-12-18T15:34
490,37,jugoslavija,47,45,1999-03-31T13:26,1999-11-29T00:24
491,37,kosovo,143,130,1999-06-16T09:03,1999-11-05T20:47
492,37,ljudska.prava,25,21,1999-04-01T21:41,1999-11-01T23:32
493,37,mediji,540,514,1999-02-03T07:19,1999-12-24T09:08
494,37,razno,941,879,1999-02-03T17:14,1999-12-14T13:45
495,37,srbija,1418,1361,1999-02-02T19:47,1999-11-25T22:48
496,37,svet,154,141,1999-02-03T18:46,1999-12-21T14:23
497,37,"trač",85,81,1999-05-05T17:57,1999-07-23T10:31
498,37,vesti,1018,972,1999-02-03T12:36,1999-11-27T20:13
499,38,bonton,47,46,1990-12-20T17:07,1991-05-31T04:36
500,38,devojke,883,837,1990-12-20T15:53,1991-07-09T11:00
501,38,gde.smo,631,609,1990-12-20T13:42,1991-07-11T20:22
502,38,jugoslavija,971,925,1990-12-23T01:30,1991-07-12T07:19
503,38,klub,36,35,1990-12-20T17:27,1991-06-22T15:11
504,38,literatura,32,31,1990-12-16T14:28,1991-06-28T10:18
505,38,ljudska.prava,511,492,1990-12-16T23:58,1991-06-17T21:39
506,38,muskarci,150,143,1991-06-14T09:04,1991-07-12T09:16
507,38,muzika,201,183,1990-12-14T23:32,1991-07-12T07:21
508,38,novine,206,199,1990-12-24T19:11,1991-07-09T22:41
509,38,parlament,192,182,1991-01-11T11:02,1991-07-09T08:49
510,38,pokretne.slike,126,124,1990-12-17T23:09,1991-06-28T05:26
511,38,razno,325,314,1990-12-14T19:10,1991-07-11T22:25
512,38,sport,89,88,1990-12-17T17:49,1991-06-25T05:46
513,38,stranke,69,65,1990-12-16T01:37,1991-06-22T16:12
514,38,svet,368,316,1990-12-21T01:21,1991-07-11T01:25
515,38,trac,109,109,1990-12-16T23:58,1991-07-02T17:13
516,38,vlada,29,28,1990-12-14T20:41,1991-05-31T09:57
517,39,bonton,49,49,1991-07-21T02:16,1991-08-22T19:14
518,39,devojke,147,144,1991-07-12T10:33,1991-09-28T07:43
519,39,gde.smo,490,483,1991-07-12T01:18,1999-10-07T21:37
520,39,jugoslavija,1069,1046,1991-07-12T16:41,1991-09-30T21:11
521,39,klub,25,25,1991-07-14T18:24,1991-09-28T17:02
522,39,literatura,22,19,1991-07-30T16:22,1991-09-23T16:28
523,39,ljudska.prava,10,10,1991-07-17T11:59,1991-08-22T21:31
524,39,mir,200,193,1991-08-02T21:30,1998-09-14T13:54
525,39,muskarci,160,149,1991-07-12T15:08,1999-10-13T23:04
526,39,novine,102,102,1991-07-27T10:09,1991-09-23T14:30
527,39,politika,13,12,1991-07-13T17:02,1991-09-24T06:44
528,39,razno,507,495,1991-07-12T11:11,1999-02-20T12:34
529,39,sport,83,79,1991-07-27T10:09,1991-09-18T19:16
530,39,srbija,1869,1830,1991-07-13T21:46,1991-09-30T21:58
531,39,svet,161,161,1991-07-13T17:03,1991-09-29T02:35
532,39,trac,103,101,1991-07-18T15:06,1999-10-07T21:51
533,39,unknown,3,3,1991-07-12T11:12,1991-07-13T17:06
534,40,bonton,292,279,1991-10-04T20:08,1991-11-10T17:09
535,40,devojke,327,315,1991-10-06T06:50,1992-01-01T00:41
536,40,gde.smo,238,234,1991-10-01T14:25,1991-12-31T19:05
537,40,jugoslavija,795,774,1991-10-01T15:03,1991-12-31T19:05
538,40,klub,107,106,1991-10-08T11:10,1991-12-03T15:50
539,40,ljudska.prava,288,282,1991-10-04T20:08,1991-12-25T14:14
540,40,mir,87,85,1991-10-02T18:04,1991-12-28T16:38
541,40,novine,40,40,1991-10-02T01:44,1991-12-25T09:50
542,40,politika,37,37,1991-10-02T16:44,1991-12-20T17:12
543,40,razno,505,495,1991-10-01T14:35,1991-12-30T11:13
544,40,srbija,1390,1362,1991-10-01T19:48,1991-12-29T20:22
545,40,svedocenja,29,28,1991-11-21T11:32,1991-12-20T11:47
546,40,svet,502,497,1991-10-02T16:43,1991-12-26T01:06
547,40,trac,320,315,1991-10-01T14:36,1991-12-31T15:44
548,41,bonton,8,7,1992-01-21T12:18,1992-03-03T16:19
549,41,devojke,847,818,1992-01-01T12:16,1992-05-02T23:40
550,41,gde.smo,232,228,1992-01-01T04:11,1992-05-02T19:35
551,41,jugoslavija,258,252,1992-01-01T16:37,1992-04-29T02:24
552,41,klub,189,188,1992-01-25T09:35,1992-04-24T08:51
553,41,ljudska.prava,270,268,1992-01-27T01:26,1992-03-23T12:28
554,41,mir,15,15,1992-02-06T16:25,1992-04-21T16:19
555,41,novine,463,453,1992-01-03T11:49,1992-04-28T22:06
556,41,politika,8,8,1992-02-02T22:49,1992-02-14T00:35
557,41,razno,370,362,1992-01-03T21:08,1992-04-30T15:22
558,41,srbija,851,838,1992-01-04T20:33,1992-04-26T23:16
559,41,svedocenja,110,105,1992-02-11T23:48,1992-05-01T20:05
560,41,svet,685,671,1992-01-12T04:25,1992-05-02T21:51
561,41,trac,694,681,1992-01-07T16:18,1992-05-02T19:04
562,42,bonton,16,14,1992-06-25T23:47,1992-09-04T12:17
563,42,devojke,688,657,1992-05-03T00:57,1992-09-01T17:29
564,42,gde.smo,265,262,1992-05-03T02:21,1992-09-04T11:46
565,42,jugoslavija,185,183,1992-05-03T19:11,1992-09-04T11:46
566,42,klub,7,7,1992-06-05T06:25,1992-06-11T11:10
567,42,ljudska.prava,3,1,1992-07-01T03:06,1992-07-01T03:06
568,42,mir,4,3,1992-08-28T18:16,1992-08-29T16:31
569,42,novine,80,77,1992-05-16T04:31,1992-09-03T05:05
570,42,politika,38,34,1992-06-08T14:21,1992-09-03T01:37
571,42,razno,638,632,1992-05-05T01:14,1992-09-04T12:55
572,42,srbija,2538,2498,1992-05-10T07:49,1992-09-04T12:49
573,42,svedocenja,264,257,1992-05-03T15:50,1992-07-22T06:52
574,42,svet,100,99,1992-05-03T21:40,1992-08-23T13:04
575,42,trac,174,172,1992-05-04T13:16,1992-09-04T14:37
576,43,bonton,5,5,1992-09-20T08:46,1992-10-21T13:59
577,43,devojke,104,98,1992-09-04T19:31,1993-01-16T18:30
578,43,gde.smo,906,886,1992-09-04T18:46,1992-12-24T11:34
579,43,jugoslavija,617,597,1992-09-04T20:42,1993-01-17T00:33
580,43,ljudska.prava,5,5,1992-09-07T05:21,1992-09-17T20:45
581,43,novine,160,158,1992-09-09T09:26,1992-12-31T03:25
582,43,politika,123,122,1992-09-23T22:21,1992-12-31T17:32
583,43,razno,616,607,1992-09-05T11:04,1993-01-16T22:21
584,43,srbija,1936,1917,1992-09-04T21:11,1993-01-16T22:49
585,43,svet,60,59,1992-09-11T23:01,1993-01-07T06:44
586,43,trac,468,461,1992-09-05T16:55,1993-01-16T22:49
587,44,devojke,173,168,1993-01-17T19:37,1993-07-21T13:04
588,44,gde.smo,478,472,1993-01-17T02:39,1993-07-29T18:57
589,44,jugoslavija,745,713,1993-01-17T03:33,1993-07-14T22:26
590,44,ljudska.prava,350,342,1993-01-27T18:44,1993-07-29T19:48
591,44,novine,33,23,1993-02-24T06:21,1993-07-29T19:48
592,44,politika,177,173,1993-01-24T10:14,1993-07-06T06:15
593,44,razno,683,677,1993-01-17T03:54,1993-07-29T18:10
594,44,srbija,2117,2072,1993-01-17T03:52,1993-07-29T19:48
595,44,svet,114,110,1993-01-17T22:01,1993-07-16T23:57
596,44,trac,73,73,1993-01-20T17:36,1993-07-20T21:44
597,45,devojke,1002,988,1993-08-16T07:08,1993-12-08T13:23
598,45,gde.smo,608,607,1993-07-29T20:30,1993-12-02T21:59
599,45,iseljenje,480,472,1993-08-24T18:53,1993-12-06T10:26
600,45,jugoslavija,43,43,1993-08-03T19:58,1993-10-21T09:44
601,45,ljudska.prava,5,5,1993-07-30T08:17,1993-09-30T01:22
602,45,mediji,404,396,1993-07-30T08:17,1993-12-04T16:17
603,45,politika,7,6,1993-10-17T00:18,1993-12-08T10:29
604,45,razno,462,453,1993-07-30T10:05,1993-12-08T07:24
605,45,srbija,1253,1233,1993-07-29T21:26,1993-12-08T12:08
606,45,svet,513,510,1993-08-05T20:39,1993-11-16T23:56
607,45,trac,168,165,1993-08-17T00:41,1993-12-08T10:29
608,46,arkadne,492,461,1993-02-23T23:24,1994-01-16T10:51
609,46,avanture,1047,1005,1993-02-23T23:25,1994-01-16T23:19
610,46,frp,477,470,1993-03-28T16:22,1994-01-11T05:06
611,46,modemske,194,187,1993-02-23T23:25,1994-01-11T11:48
612,46,razno,1186,1133,1993-02-23T23:25,1994-01-16T21:45
613,46,simulacije,1053,1016,1993-02-23T23:25,1994-01-16T23:15
614,46,strategije,274,255,1993-02-23T23:25,1994-01-11T02:12
615,46,unknown,237,231,1993-02-23T23:25,1994-01-14T15:02
616,47,arkadne,979,934,1994-01-17T09:53,1995-07-04T13:07
617,47,avanture,857,822,1994-01-17T09:51,1995-07-04T17:01
618,47,diplomatija,553,528,1994-10-21T23:57,1995-07-01T09:24
619,47,frp,220,214,1994-01-28T13:11,1995-07-04T19:12
620,47,logicke,106,104,1994-02-18T18:51,1995-07-04T13:52
621,47,modemske,112,111,1994-03-31T14:49,1995-05-12T09:57
622,47,razno,765,741,1994-01-19T13:01,1995-07-04T21:37
623,47,simulacije,672,661,1994-01-17T08:30,1995-07-04T19:37
624,47,strategije,736,720,1994-01-23T23:26,1995-07-04T18:32
625,48,arkadne,2048,1934,1995-07-06T21:37,1998-10-25T20:48
626,48,avanture,1153,1115,1995-07-06T10:29,1998-11-11T23:44
627,48,diplomatija,802,766,1995-07-09T08:11,1998-09-08T19:16
628,48,frp,447,437,1995-07-16T17:29,1998-11-06T15:03
629,48,logicke,184,172,1995-07-07T22:46,1998-10-06T17:34
630,48,modemske,276,263,1995-07-07T17:52,1998-11-10T12:05
631,48,razno,1837,1704,1995-07-12T12:24,1998-11-12T02:42
632,48,sezam,209,202,1996-07-16T19:33,1998-10-19T12:22
633,48,simulacije,859,832,1995-07-07T09:20,1998-11-12T17:45
634,48,strategije,2185,2109,1995-07-06T21:12,1998-11-12T13:22
635,49,arkadne,344,324,1998-11-14T12:29,1999-12-20T21:31
636,49,avanture,177,163,1998-11-14T14:55,1999-12-22T07:51
637,49,diplomatija,8,8,1999-06-08T07:04,1999-06-21T18:43
638,49,frp,223,209,1998-11-17T14:12,1999-10-27T05:18
639,49,logicke,113,109,1998-12-24T16:47,1999-10-27T08:38
640,49,modemske,70,66,1998-11-14T16:06,1999-11-30T21:34
641,49,razno,574,531,1998-11-14T15:12,1999-12-24T09:05
642,49,sezam,89,82,1998-11-20T00:42,1999-12-14T21:46
643,49,simulacije,287,264,1998-11-14T21:59,1999-12-19T10:58
644,49,strategije,411,389,1998-11-17T17:40,1999-12-21T23:06
645,49,unknown,406,1,,
646,50,arhiveri,130,126,1989-10-30T02:44,1992-01-15T23:36
647,50,email,244,238,1990-11-16T03:50,1992-02-12T18:55
648,50,hackers,86,85,1989-12-01T01:30,1991-11-18T00:42
649,50,hayes.sekvence,70,66,1989-11-23T19:07,1991-10-23T19:33
650,50,javni.modemi,96,95,1989-11-19T23:20,1992-01-23T02:05
651,50,jupak,155,152,1989-12-06T08:17,1992-02-05T21:26
652,50,kom.programi,1139,1083,1989-11-26T03:29,1992-02-10T22:41
653,50,mnp,198,191,1990-08-25T13:33,1991-12-23T13:11
654,50,modemi,332,319,1991-02-20T01:58,1992-02-12T20:00
655,50,nabavka.modema,68,66,1989-11-12T17:40,1992-01-23T16:04
656,50,protokoli,182,177,1989-10-31T00:56,1992-02-02T15:00
657,50,radio,90,90,1991-10-27T01:25,1992-01-30T06:17
658,50,razno,549,536,1990-07-29T00:33,1992-02-13T10:19
659,50,strani.bbs,199,197,1989-11-15T01:14,1992-02-05T04:59
660,50,terminologija,22,22,1989-11-19T05:30,1991-11-22T16:49
661,50,vax,634,621,1990-08-16T19:46,1992-02-13T02:00
662,50,yu.bbs,680,657,1989-11-11T16:47,1992-02-13T05:50
663,50,zgode,19,19,1989-11-04T00:09,1991-12-18T09:48
664,51,domaci.sistemi,228,221,1997-05-18T23:58,1999-11-22T19:48
665,51,email,326,318,1997-05-18T23:59,1999-10-12T00:14
666,51,fax,91,91,1997-05-18T23:57,1999-06-21T21:49
667,51,ftp,19,19,1997-05-18T23:59,1999-01-04T11:44
668,51,hakeri,415,392,1997-05-19T00:00,1999-11-15T16:49
669,51,kom.programi,386,374,1997-05-18T23:57,1999-11-28T09:18
670,51,mobil,376,368,1998-10-01T22:43,1999-12-23T10:22
671,51,modemi,1066,1041,1997-05-18T20:35,1999-12-23T19:21
672,51,procomm,9,9,1997-05-18T23:58,1997-10-28T18:50
673,51,provajderi,995,964,1997-05-18T23:59,1999-11-10T09:13
674,51,ptt,743,734,1997-05-18T23:58,1999-10-09T09:57
675,51,razno,400,371,1997-05-19T00:00,1999-10-20T16:40
676,51,strani.sistemi,49,44,1997-05-18T23:58,1998-03-25T19:41
677,51,tcp_ip,78,75,1997-05-18T08:28,1999-10-08T00:45
678,51,telemate,85,82,1997-05-18T23:57,1999-07-22T23:52
679,51,telix,40,37,1997-05-18T23:57,1999-12-23T08:00
680,51,www,1322,1285,1997-05-18T08:28,1999-12-24T09:05
681,51,yuinternet,99,97,1997-05-18T23:59,1999-11-26T11:47
682,51,zoc,86,81,1997-05-18T23:58,1999-12-20T03:37
683,52,email,503,498,1993-09-30T20:57,1994-02-12T02:23
684,52,fax,189,187,1993-09-30T20:53,1994-02-12T00:55
685,52,hackers,181,169,1993-09-30T20:56,1994-02-12T03:09
686,52,jupak,133,126,1993-09-30T20:57,1994-02-11T19:13
687,52,kom.programi,117,115,1993-09-30T20:54,1994-02-08T04:34
688,52,modemi,639,625,1993-09-30T20:53,1994-02-11T00:00
689,52,procomm,44,39,1993-09-30T20:54,1994-01-05T23:11
690,52,protokoli,72,69,1993-09-30T20:56,1994-02-03T22:25
691,52,ptt,646,638,1993-09-30T20:59,1994-02-12T01:22
692,52,razno,479,469,1993-09-30T20:59,1994-02-08T04:34
693,52,strani.sistemi,312,306,1993-09-30T20:58,1994-02-08T12:15
694,52,telemate,485,471,1993-09-30T20:55,1994-02-08T12:15
695,52,telix,44,43,1993-09-30T20:55,1994-01-23T12:04
696,52,vax,438,432,1993-09-30T20:57,1994-02-11T02:21
697,52,yu.bbs,704,686,1993-09-30T20:58,1994-02-11T19:58
698,53,email,864,841,1994-02-12T03:36,1994-07-26T04:16
699,53,fax,80,80,1994-03-03T20:35,1994-07-24T14:15
700,53,hackers,1074,1043,1994-02-12T12:49,1994-07-25T00:20
701,53,jupak,87,86,1994-02-12T12:49,1994-07-20T13:01
702,53,kom.programi,83,79,1994-02-13T22:25,1994-07-12T07:09
703,53,modemi,528,517,1994-02-15T10:49,1994-07-25T10:26
704,53,procomm,37,35,1994-02-15T16:09,1994-07-25T23:52
705,53,protokoli,121,120,1994-02-13T01:01,1994-07-24T13:57
706,53,ptt,523,513,1994-02-14T00:04,1994-07-22T12:35
707,53,razno,247,232,1994-02-12T03:13,1994-07-25T22:42
708,53,strani.sistemi,105,104,1994-02-15T02:56,1994-07-21T20:17
709,53,telemate,227,222,1994-02-14T23:17,1994-07-18T22:51
710,53,telix,28,26,1994-03-18T05:26,1994-07-11T13:03
711,53,vax,294,271,1994-02-12T11:24,1994-07-16T04:19
712,53,yu.bbs,658,641,1994-02-12T12:49,1994-07-25T19:36
713,54,domaci.sistemi,753,735,1994-07-26T02:02,1995-02-25T20:56
714,54,email,953,923,1994-07-26T14:47,1995-02-25T19:45
715,54,fax,207,204,1994-07-26T08:27,1995-02-18T16:40
716,54,hackers,64,60,1994-08-07T10:10,1995-02-22T00:20
717,54,jupak,96,92,1994-07-27T20:21,1995-02-18T15:43
718,54,kom.programi,199,192,1994-07-29T13:54,1995-02-16T10:22
719,54,modemi,872,852,1994-07-26T08:27,1995-02-25T22:38
720,54,procomm,97,95,1994-07-26T19:36,1995-02-14T10:34
721,54,protokoli,91,88,1994-07-26T08:27,1995-02-09T17:45
722,54,ptt,617,611,1994-07-28T00:16,1995-02-26T00:19
723,54,razno,415,407,1994-07-26T01:44,1995-02-22T00:08
724,54,strani.sistemi,147,144,1994-07-30T15:10,1995-02-25T15:50
725,54,telemate,278,254,1994-07-28T14:18,1995-02-23T23:49
726,54,telix,124,116,1994-07-28T11:22,1995-02-25T15:36
727,54,vax,19,17,1994-10-15T13:02,1995-01-08T22:56
728,55,domaci.sistemi,738,723,1995-02-26T13:33,1995-10-02T09:32
729,55,email,2068,1979,1995-02-26T08:54,1995-10-03T10:38
730,55,fax,131,129,1995-03-06T01:16,1995-09-28T13:33
731,55,hackers,28,26,1995-08-05T23:30,1995-10-03T18:31
732,55,jupak,2,1,1995-08-23T13:12,1995-08-23T13:12
733,55,kom.programi,128,126,1995-02-28T20:31,1995-10-03T07:26
734,55,modemi,650,637,1995-02-26T21:36,1995-10-03T08:39
735,55,procomm,50,48,1995-02-26T12:02,1995-09-26T05:40
736,55,ptt,442,439,1995-02-28T23:49,1995-09-26T11:08
737,55,razno,252,238,1995-02-26T08:36,1995-10-02T10:03
738,55,strani.sistemi,136,133,1995-02-27T03:54,1995-09-15T08:04
739,55,telemate,313,305,1995-02-28T05:37,1995-10-03T15:09
740,55,telix,51,45,1995-02-26T08:36,1995-09-05T11:15
741,55,vax,11,11,1995-03-26T18:23,1995-08-08T08:09
742,56,domaci.sistemi,338,334,1995-10-05T12:43,1997-05-13T21:33
743,56,email,984,962,1995-10-07T04:20,1997-05-10T02:20
744,56,fax,226,215,1995-10-04T18:14,1997-05-13T09:48
745,56,ftp,73,72,1996-03-03T07:18,1997-05-17T14:22
746,56,hackers,352,348,1995-10-04T13:44,1997-04-26T18:53
747,56,jupak,7,7,1995-11-09T12:01,1996-12-28T05:30
748,56,kom.programi,832,793,1995-10-10T07:41,1997-05-17T13:29
749,56,modemi,1718,1674,1995-10-04T13:24,1997-05-17T17:58
750,56,procomm,81,77,1995-10-24T07:48,1997-05-01T16:28
751,56,provajderi,540,529,1996-02-08T23:57,1997-05-18T00:06
752,56,ptt,1171,1144,1995-10-04T03:57,1997-05-12T10:55
753,56,razno,899,878,1995-10-05T13:16,1997-05-17T15:17
754,56,strani.sistemi,94,92,1995-11-01T04:52,1997-04-28T22:07
755,56,tcp_ip,81,81,1996-04-28T15:14,1997-05-13T21:20
756,56,telemate,498,476,1995-10-04T03:57,1997-05-12T18:06
757,56,telix,76,72,1995-10-13T04:29,1997-04-29T12:57
758,56,unknown,1,1,1996-02-11T06:01,1996-02-11T06:01
759,56,vax,9,9,1995-10-15T17:09,1996-03-17T04:33
760,56,www,1475,1426,1996-02-03T23:00,1997-05-18T00:06
761,56,yuinternet,480,467,1996-02-08T03:20,1997-05-11T15:41
762,57,cd-rom,416,368,1998-08-13T15:12,1999-12-21T18:14
763,57,"čipovi",635,553,1998-08-12T10:27,1999-12-23T12:01
764,57,diskete,13,12,1998-08-22T19:35,1999-11-25T11:57
765,57,diskovi,622,545,1998-08-12T13:33,1999-12-23T12:00
766,57,hi.fi,147,127,1998-08-22T19:26,1999-12-20T03:32
767,57,literatura,77,63,1998-08-17T18:31,1999-12-23T09:24
768,57,ljubimci,12,7,1998-09-13T00:15,1999-11-24T16:46
769,57,"matične.ploče",603,550,1998-08-12T12:47,1999-12-21T22:03
770,57,modemi,389,348,1998-08-14T16:39,1999-12-22T10:57
771,57,periferije,979,894,1998-08-12T16:18,1999-12-23T21:32
772,57,"računari",751,679,1998-08-12T12:46,1999-12-23T19:23
773,57,razno,1691,1409,1998-08-12T12:48,1999-12-23T22:32
774,57,softver,104,76,1998-08-21T12:08,1999-11-18T12:26
775,57,"štampači",250,229,1998-08-14T19:09,1999-12-23T19:23
776,57,telefoni,147,126,1999-07-02T16:32,1999-12-22T22:30
777,57,video.kartice,437,400,1998-08-12T10:16,1999-12-23T20:50
778,58,cd-rom,795,610,1997-08-19T01:43,1998-08-09T02:04
779,58,"čipovi",998,874,1997-08-19T01:16,1998-08-10T08:43
780,58,diskete,50,40,1997-08-29T21:03,1998-06-16T21:50
781,58,diskovi,828,723,1997-08-19T01:40,1998-08-10T08:41
782,58,hi.fi,166,149,1997-08-20T06:37,1998-08-05T17:21
783,58,komercijalni,8,2,1998-02-05T15:04,1998-05-18T14:30
784,58,literatura,141,139,1997-08-20T20:34,1998-07-22T18:31
785,58,ljubimci,44,39,1997-09-09T20:08,1998-08-09T22:20
786,58,"matične.ploče",899,771,1997-08-19T16:11,1998-08-10T08:37
787,58,modemi,503,444,1997-08-19T07:03,1998-08-10T08:45
788,58,periferije,1388,1243,1997-08-19T07:03,1998-08-09T02:04
789,58,"računari",1299,1115,1997-08-19T01:21,1998-08-09T15:47
790,58,razno,1719,1433,1997-08-19T00:49,1998-08-10T06:45
791,58,softver,231,121,1997-08-20T09:47,1998-07-29T12:44
792,58,"štampači",421,396,1997-08-18T22:51,1998-08-10T08:47
793,58,unknown,1520,1,1998-06-12T11:43,1998-06-12T11:43
794,58,video.kartice,509,455,1997-08-19T01:15,1998-08-10T08:38
795,59,alter,790,790,1994-10-24T00:25,1995-06-22T22:34
796,59,dance,93,93,1994-10-24T00:25,1995-05-08T09:12
797,59,etno,38,38,1994-10-24T00:25,1995-04-06T01:00
798,59,hard.heavy,502,502,1994-10-24T00:25,1996-01-20T06:12
799,59,jazz.blues,146,146,1994-10-24T00:25,1995-06-19T15:25
800,59,klasika,302,302,1994-10-24T00:25,1995-06-18T22:30
801,59,pop,274,274,1994-10-24T00:25,1995-06-23T11:48
802,59,punk,209,209,1994-10-24T00:25,1995-06-23T03:54
803,59,razno,1043,1043,1994-10-24T00:25,1995-06-21T20:57
804,59,rock,657,657,1994-10-24T00:25,1995-06-21T06:45
805,59,soundtrack,167,167,1994-10-24T00:25,1995-06-16T15:34
806,59,subkultura,80,80,1994-10-24T00:25,1995-06-20T06:46
807,59,techno,114,114,1995-05-25T12:02,1995-06-23T12:25
808,59,unknown,62,62,1994-10-24T00:35,1995-03-12T16:55
809,59,yu.folk,241,240,1994-10-24T00:25,1995-06-16T16:35
810,59,yu.zvuk,230,228,1994-11-06T12:41,1995-06-04T19:24
811,60,alter,902,870,1995-06-25T12:58,1997-03-12T03:17
812,60,dance,183,179,1996-08-04T07:28,1997-02-20T10:35
813,60,guitar,607,594,1995-09-29T23:42,1997-03-14T06:20
814,60,hard.heavy,1132,1114,1995-06-28T10:03,1997-03-14T06:20
815,60,info,321,315,1996-10-17T18:17,1997-03-12T09:06
816,60,jazz.blues,65,63,1995-07-05T07:59,1997-02-10T09:56
817,60,klasika,136,133,1995-06-25T21:17,1997-03-07T23:31
818,60,pop,123,120,1995-06-24T06:15,1997-03-06T10:23
819,60,punk,186,176,1995-06-28T22:08,1997-03-13T14:13
820,60,rap,522,490,1996-08-29T15:20,1997-03-02T19:51
821,60,razno,1978,1912,1995-06-24T18:32,1997-03-14T07:28
822,60,rock,1037,1014,1995-06-23T23:51,1997-03-14T06:20
823,60,soundtrack,44,43,1995-08-05T22:44,1997-02-25T04:53
824,60,subkultura,76,76,1995-10-19T09:54,1996-09-10T06:43
825,60,techno,999,972,1995-06-23T17:31,1997-03-05T22:54
826,60,yu.folk,85,79,1995-07-08T21:19,1997-03-02T13:11
827,60,yu.zvuk,1591,1530,1995-06-24T22:19,1997-03-13T02:02
828,61,alter,251,233,1997-03-14T16:42,1999-11-08T21:16
829,61,dance,98,91,1997-03-14T15:02,1999-10-18T17:01
830,61,guitar,425,403,1997-03-14T14:55,1999-12-21T19:06
831,61,hard.heavy,818,787,1997-03-14T12:41,1999-12-22T15:53
832,61,info,90,82,1997-03-25T10:25,1999-10-17T15:11
833,61,jazz.blues,62,54,1997-03-19T09:41,1999-11-08T11:44
834,61,klasika,107,100,1997-03-15T12:20,1999-11-30T05:35
835,61,pop,79,71,1997-04-05T00:38,1999-09-27T21:08
836,61,punk,308,278,1997-03-23T22:41,1999-09-20T14:10
837,61,rap,1560,1436,1997-03-14T09:51,1999-12-19T15:36
838,61,razno,2525,2386,1997-03-14T09:02,1999-12-23T19:20
839,61,rock,851,814,1997-03-14T14:38,1999-12-17T22:07
840,61,soundtrack,58,54,1997-03-14T14:47,1999-10-23T11:02
841,61,subkultura,39,35,1998-04-09T07:49,1999-08-29T08:18
842,61,techno,1174,1043,1997-03-18T09:06,1999-11-13T14:49
843,61,unknown,1109,1,,
844,61,yu.folk,211,195,1997-03-14T16:44,1999-10-30T03:08
845,61,yu.zvuk,560,537,1997-03-14T12:48,1999-11-05T11:50
846,62,dogadjaji,7,7,1992-04-06T00:03,1993-02-19T02:45
847,62,dzepni,136,133,1992-04-06T00:03,1993-02-17T20:14
848,62,electron,415,411,1992-04-06T00:04,1993-03-03T00:51
849,62,help,48,47,1992-04-06T00:03,1993-03-03T03:28
850,62,hp48sx,49,49,1992-04-06T00:03,1993-03-04T09:28
851,62,igre,2270,2214,1992-04-06T00:03,1993-03-04T19:33
852,62,klub.p,189,185,1992-04-06T00:04,1993-01-09T22:38
853,62,literatura,124,122,1992-04-06T00:03,1993-02-25T00:24
854,62,najbolji,252,248,1992-04-06T00:03,1993-01-23T11:39
855,62,ostali,7,7,1992-04-06T00:03,1993-02-28T00:05
856,62,p.jezici,92,92,1992-04-06T00:03,1992-09-12T19:53
857,62,razno,691,682,1992-04-06T00:04,1993-03-04T14:09
858,62,trendovi,12,12,1992-04-06T00:04,1992-09-18T07:43
859,62,zakoni,37,36,1992-04-06T00:03,1992-10-22T02:41
860,63,dogadjaji,18,17,1993-05-18T00:21,1994-02-08T04:34
861,63,dzepni,89,89,1993-03-05T01:19,1994-02-08T20:10
862,63,electron,542,529,1993-03-15T14:41,1994-02-21T04:48
863,63,help,75,73,1993-03-08T09:59,1993-10-29T20:28
864,63,hp48sx,86,83,1993-03-07T17:57,1994-02-10T02:08
865,63,klub.p,306,251,1993-03-20T13:32,1994-02-20T02:00
866,63,literatura,90,82,1993-03-05T16:22,1994-02-21T10:14
867,63,mac,517,493,1993-10-15T09:56,1994-02-20T19:09
868,63,najbolji,485,480,1993-03-21T10:30,1994-02-21T15:16
869,63,obrazovanje,221,219,1993-04-06T21:14,1994-02-19T11:36
870,63,p.jezici,13,12,1993-11-27T14:50,1993-12-07T07:52
871,63,razno,2282,2250,1993-03-04T21:45,1994-02-20T03:36
872,63,trendovi,12,11,1993-06-22T16:36,1994-02-08T04:34
873,63,yu.kod,163,156,1993-07-16T12:13,1994-02-21T12:37
874,63,zakoni,61,61,1993-06-04T11:47,1994-02-12T12:07
875,64,dogadjaji,53,52,1994-04-13T16:00,1999-01-05T03:33
876,64,dzepni,96,91,1994-02-26T01:36,1999-08-11T02:05
877,64,electron,2202,2165,1994-02-22T15:45,1999-11-14T13:30
878,64,help,54,53,1994-07-10T21:50,1998-03-17T11:56
879,64,hp48sx,123,121,1994-03-31T22:42,1999-08-09T20:05
880,64,klub.p,183,179,1994-02-28T08:12,1996-11-02T23:31
881,64,literatura,104,102,1994-02-24T23:52,1999-05-11T22:32
882,64,mac,3838,3646,1994-02-21T21:58,1999-09-27T19:34
883,64,najbolji,1052,1042,1994-02-21T18:10,1998-08-01T09:06
884,64,p.jezici,12,12,1994-09-16T18:33,1999-01-06T12:25
885,64,razno,331,322,1994-02-21T15:17,1999-10-29T21:24
886,64,trendovi,24,23,1994-03-19T02:37,1997-08-01T17:09
887,64,yu.kod,265,253,1994-02-22T00:17,1997-07-10T13:45
888,64,zakoni,69,68,1994-04-09T12:15,1997-11-08T03:23
889,65,diskovi,1441,1422,1989-11-08T23:41,1992-06-02T07:42
890,65,ems,151,142,1989-12-02T04:38,1992-04-30T21:42
891,65,kvarovi,358,350,1990-01-07T06:22,1992-06-06T00:07
892,65,laseri,187,186,1989-11-16T03:44,1992-05-28T06:08
893,65,maticne.ploce,483,473,1989-11-08T23:41,1992-06-05T20:49
894,65,matricni.stamp.,436,420,1989-11-08T23:41,1992-06-03T10:37
895,65,mreze,86,84,1990-02-16T22:33,1992-05-10T21:40
896,65,nabavka.386,39,36,1990-11-14T17:32,1992-03-16T08:47
897,65,nabavka,364,359,1989-11-08T23:41,1992-05-23T11:23
898,65,razno,772,759,1989-11-27T19:18,1992-06-05T07:24
899,65,video.kartice,662,635,1989-11-08T23:41,1992-06-05T20:50
900,66,benchmark,24,24,1993-06-05T22:14,1993-06-14T05:48
901,66,diskovi,1055,1040,1992-06-06T18:45,1993-06-28T16:26
902,66,dodaci,210,206,1992-07-10T21:36,1993-06-28T21:18
903,66,kvarovi,872,864,1992-06-06T13:44,1993-06-28T15:21
904,66,laseri,222,219,1992-06-18T19:03,1993-06-26T09:23
905,66,maticne.ploce,403,399,1992-06-06T09:02,1993-06-16T14:17
906,66,matricni.stamp.,275,273,1992-06-09T15:37,1993-06-28T13:23
907,66,mreze,88,86,1992-07-04T13:04,1993-06-09T22:32
908,66,nabavka,255,250,1992-06-12T17:30,1993-06-17T05:41
909,66,razno,826,813,1992-06-06T14:39,1993-06-29T00:27
910,66,video.kartice,737,728,1992-06-06T06:03,1993-06-28T16:00
911,67,benchmark,151,144,1993-07-06T19:02,1994-04-28T07:00
912,67,diskovi,1074,1054,1993-06-29T01:05,1994-04-30T18:34
913,67,dodaci,188,182,1993-06-29T17:25,1994-04-29T05:01
914,67,kvarovi,457,439,1993-06-29T22:48,1994-04-25T12:36
915,67,laseri,318,316,1993-06-30T18:30,1994-04-27T02:08
916,67,maticne.ploce,570,567,1993-07-06T07:28,1994-04-30T13:40
917,67,matricni,336,329,1993-07-01T05:36,1994-04-30T17:41
918,67,mreze,54,53,1993-08-13T22:39,1994-04-25T00:13
919,67,nabavka,239,232,1993-07-09T13:26,1994-04-23T19:12
920,67,razno,776,764,1993-06-29T00:35,1994-04-30T14:33
921,67,video.kartice,837,830,1993-06-29T20:25,1994-04-30T00:46
922,68,benchmark,47,45,1994-05-01T23:20,1994-12-14T08:53
923,68,diskovi,951,921,1994-05-01T09:31,1995-01-11T18:34
924,68,dodaci,113,110,1994-05-10T17:28,1995-01-05T09:57
925,68,kvarovi,567,561,1994-05-04T17:20,1995-01-11T11:01
926,68,laseri,205,200,1994-05-03T06:26,1995-01-10T18:33
927,68,maticne.ploce,571,560,1994-05-01T16:44,1995-01-11T18:30
928,68,matricni,228,225,1994-05-01T00:58,1995-01-05T18:10
929,68,mikroprocesori,66,66,1994-05-01T09:32,1995-01-09T22:25
930,68,mreze,256,253,1994-05-01T15:19,1995-01-11T12:12
931,68,nabavka,796,785,1994-05-02T17:01,1995-01-11T15:49
932,68,razno,573,565,1994-05-10T17:27,1995-01-11T17:04
933,68,sistemi,37,37,1994-05-10T02:55,1994-12-02T04:34
934,68,video,512,506,1994-05-01T05:58,1995-01-10T10:53
935,69,benchmark,99,99,1995-01-27T17:24,1995-06-24T20:17
936,69,diskovi,1049,1016,1995-01-12T00:21,1995-06-30T20:13
937,69,dodaci,220,217,1995-01-14T09:50,1995-06-30T18:51
938,69,inkjet,45,41,1995-06-03T08:52,1995-06-28T09:40
939,69,kvarovi,212,208,1995-01-12T09:35,1995-06-30T12:38
940,69,laseri,195,190,1995-01-12T07:00,1995-06-29T00:08
941,69,maticne.ploce,557,551,1995-01-11T20:51,1995-06-30T17:19
942,69,matricni,125,124,1995-01-12T14:43,1995-06-27T21:44
943,69,mikroprocesori,149,147,1995-01-13T20:54,1995-06-25T02:26
944,69,mreze,113,110,1995-01-23T17:04,1995-06-30T17:51
945,69,nabavka,874,856,1995-01-11T23:16,1995-06-29T07:38
946,69,razno,809,798,1995-01-14T02:33,1995-06-30T15:49
947,69,sistemi,37,36,1995-01-14T10:43,1995-06-22T22:16
948,69,video,516,508,1995-01-11T23:45,1995-06-30T17:00
949,70,benchmark,37,35,1995-07-02T05:12,1997-09-27T08:04
950,70,diskovi,2401,2340,1995-07-02T10:07,1997-10-19T09:32
951,70,dodaci,450,444,1995-07-02T10:08,1997-10-08T13:39
952,70,inkjet,283,273,1995-07-08T09:46,1997-10-04T19:07
953,70,kvarovi,798,785,1995-07-04T15:06,1997-10-18T16:06
954,70,laseri,428,420,1995-07-08T12:58,1997-10-12T11:23
955,70,maticne.ploce,1113,1079,1995-07-10T21:11,1997-10-16T21:00
956,70,matricni,339,336,1995-07-02T09:37,1997-09-20T19:28
957,70,mikroprocesori,544,533,1995-07-09T01:33,1997-10-13T14:21
958,70,mreze,203,196,1995-07-02T13:29,1997-09-18T07:16
959,70,nabavka,727,710,1995-07-02T12:23,1997-10-19T10:25
960,70,razno,1216,1185,1995-07-03T20:02,1997-10-10T13:28
961,70,sistemi,183,178,1995-07-02T09:32,1997-09-25T19:15
962,70,unknown,2,2,1996-01-20T03:48,1996-01-21T18:19
963,70,video,1276,1231,1995-07-05T14:21,1997-10-19T06:31
964,71,cd-rom,357,348,1997-10-26T22:33,1999-12-19T20:31
965,71,diskete,10,10,1999-01-20T21:01,1999-01-31T13:31
966,71,diskovi,417,407,1997-10-20T08:18,1999-12-16T13:48
967,71,dodaci,43,42,1997-12-30T18:33,1999-07-02T19:02
968,71,inkjet,135,130,1997-11-27T06:17,1999-11-24T13:58
969,71,kvarovi,355,351,1997-10-19T21:21,1999-12-23T10:24
970,71,laseri,66,63,1997-10-23T16:49,1999-08-04T10:44
971,71,"matične_ploče",393,382,1997-11-06T12:26,1999-11-23T16:02
972,71,matricni,49,47,1997-12-06T14:57,1999-05-29T22:00
973,71,monitori,294,292,1997-11-03T12:38,1999-11-04T14:22
974,71,mreze,52,51,1997-10-24T12:15,1999-12-21T14:34
975,71,nabavka,202,198,1997-10-21T13:37,1999-11-18T10:33
976,71,novosti,13,13,1997-10-19T14:05,1998-09-06T16:12
977,71,procesori,351,348,1997-11-05T17:28,1999-11-19T16:47
978,71,razno,586,572,1997-11-01T11:05,1999-11-16T09:33
979,71,video_kartice,670,633,1997-10-23T17:09,1999-11-18T10:42
980,71,"zvučne_kartice",315,311,1997-10-21T13:45,1999-11-25T14:09
981,72,4dos,413,398,1991-09-22T12:41,1993-04-03T20:44
982,72,dv,121,117,1991-11-13T20:14,1993-03-10T19:03
983,72,mreze,317,305,1991-09-27T16:40,1993-04-12T13:40
984,72,ms.dos,1046,1020,1991-09-23T21:43,1993-04-12T04:49
985,72,os.2,178,175,1991-11-17T16:23,1993-03-11T02:33
986,72,razno,172,168,1991-09-24T20:22,1993-04-06T15:03
987,72,unix,576,540,1991-09-24T13:53,1993-04-10T09:08
988,72,windows,2095,2019,1991-10-11T20:03,1993-04-12T10:51
989,73,4dos,110,104,1993-12-06T22:53,1994-06-20T20:44
990,73,desqview,59,58,1993-12-17T20:33,1994-06-15T15:33
991,73,mreze,290,285,1993-12-14T05:47,1994-06-22T12:50
992,73,ms.dos,662,655,1993-12-06T06:02,1994-06-22T00:37
993,73,os.2,145,141,1993-12-12T11:46,1994-06-19T01:14
994,73,os.wars,763,754,1993-12-06T13:33,1994-05-23T01:44
995,73,razno,131,129,1993-12-07T00:14,1994-06-17T11:27
996,73,unix,595,581,1993-12-09T12:39,1994-06-22T00:14
997,73,van.teme,29,28,1994-01-25T18:24,1994-05-21T16:09
998,73,windows,2095,2045,1993-12-06T23:13,1994-06-22T09:38
999,74,4dos,78,77,1994-07-02T14:21,1995-03-27T13:16
1000,74,desqview,8,8,1994-06-22T20:07,1995-03-15T07:33
1001,74,mreze,520,514,1994-06-22T18:18,1995-03-31T11:31
1002,74,ms.dos,356,347,1994-06-27T14:53,1995-03-28T07:59
1003,74,os.2,450,438,1994-07-07T19:52,1995-03-31T01:14
1004,74,os.wars,10,10,1995-01-27T03:11,1995-03-06T15:22
1005,74,razno,58,56,1994-06-25T01:07,1995-03-03T07:13
1006,74,unix,1161,1134,1994-06-22T16:42,1995-03-31T16:25
1007,74,van.teme,1,1,1994-11-10T13:26,1994-11-10T13:26
1008,74,windows,2148,2102,1994-06-22T19:07,1995-03-31T14:45
1009,75,4dos,67,65,1995-05-21T10:34,1995-10-27T07:29
1010,75,desqview,6,6,1995-09-08T09:27,1995-09-19T11:29
1011,75,mreze,311,303,1995-04-03T13:50,1995-11-02T00:18
1012,75,ms.dos,269,264,1995-04-04T14:02,1995-11-01T21:07
1013,75,os.2,605,596,1995-04-03T23:07,1995-11-02T00:18
1014,75,os.wars,250,248,1995-05-23T23:41,1995-11-01T19:52
1015,75,razno,62,61,1995-04-28T02:25,1995-10-26T13:31
1016,75,unix,1119,1098,1995-04-03T06:25,1995-11-02T00:18
1017,75,van.teme,5,5,1995-07-24T22:37,1995-07-28T04:57
1018,75,win95,627,612,1995-09-17T21:39,1995-11-02T01:16
1019,75,windows,1620,1574,1995-04-02T23:42,1995-11-01T21:47
1020,76,4dos,59,59,1995-12-03T23:47,1998-06-03T08:21
1021,76,mreze,355,349,1995-11-02T06:42,1997-11-28T07:14
1022,76,ms.dos,289,272,1995-11-17T22:01,1999-12-24T09:13
1023,76,os2,548,535,1995-11-02T06:42,1998-09-13T14:41
1024,76,os_wars,293,264,1995-11-06T05:10,1998-09-24T15:14
1025,76,razno,204,197,1995-11-17T02:33,1999-10-01T05:54
1026,76,unix,731,718,1995-11-02T05:29,1999-12-23T22:04
1027,76,win95,4863,4733,1995-11-02T06:59,1999-12-23T08:00
1028,76,windows,848,815,1995-11-05T12:41,1999-11-25T00:02
1029,76,winnt,967,947,1996-08-28T23:56,1999-07-29T07:44
1030,77,casopis.pc,5,5,1995-04-12T22:57,1995-07-14T02:06
1031,77,komentari,1378,1356,1995-04-13T10:03,1995-12-11T23:21
1032,77,novi.broj,35,35,1995-04-12T23:09,1995-12-05T13:26
1033,77,prilozi,16,15,1995-05-03T19:48,1995-11-14T03:12
1034,77,prodajna.mesta,4,4,1995-04-12T23:15,1995-05-12T00:02
1035,78,algoritmi,52,51,1992-02-21T03:38,1992-10-31T12:05
1036,78,asembler,321,312,1991-09-20T21:03,1992-11-02T11:20
1037,78,basic,178,171,1991-09-20T21:06,1992-09-13T20:48
1038,78,baze.podataka,116,104,1991-10-11T07:26,1992-10-28T09:06
1039,78,clipper,1059,1028,1991-09-20T21:10,1992-11-05T18:11
1040,78,ms.dos,235,225,1991-09-20T21:01,1992-10-20T03:15
1041,78,novi.fajlovi,66,30,1991-10-26T06:55,1992-07-22T19:22
1042,78,pascal,896,868,1991-09-20T21:08,1992-11-05T16:55
1043,78,razno,707,677,1991-09-20T21:16,1992-11-03T16:19
1044,78,unknown,986,944,1991-09-20T21:12,1992-11-06T06:23
1045,78,van.teme,126,122,1991-10-05T11:58,1992-11-05T21:22
1046,78,zastita,239,233,1991-09-20T21:15,1992-11-01T20:45
1047,79,algoritmi,223,221,1992-11-06T07:17,1993-07-25T09:13
1048,79,asembler,141,139,1992-11-06T07:20,1993-07-20T21:20
1049,79,basic,56,51,1992-11-10T08:38,1993-07-04T13:01
1050,79,baze.podataka,229,221,1992-11-06T07:31,1993-07-26T05:17
1051,79,cccc,752,731,1992-11-06T07:27,1993-07-25T19:37
1052,79,clipper,1027,1004,1992-11-06T07:29,1993-07-26T05:17
1053,79,cpp,91,86,1992-11-06T07:28,1993-05-19T22:03
1054,79,jezici,278,273,1992-11-06T07:22,1993-06-22T16:38
1055,79,ms.dos,250,245,1992-11-06T07:19,1993-07-26T06:54
1056,79,pascal,1307,1249,1992-11-06T07:24,1993-07-26T00:14
1057,79,razno,379,365,1992-11-06T07:33,1993-07-25T13:33
1058,79,van.teme,189,183,1992-11-06T07:34,1993-07-26T05:18
1059,80,algoritmi,290,284,1993-07-29T23:38,1994-04-18T13:25
1060,80,asembler,213,187,1993-08-06T17:56,1994-04-18T13:29
1061,80,basic,10,10,1993-08-14T20:42,1994-04-05T16:33
1062,80,baze.podataka,232,228,1993-07-26T13:34,1994-04-21T04:47
1063,80,cccc,554,528,1993-07-26T12:30,1994-04-22T11:52
1064,80,clipper,1125,1093,1993-07-26T22:39,1994-04-21T21:15
1065,80,cpp,195,185,1993-07-26T16:02,1994-04-21T19:26
1066,80,dizajn,19,16,1993-08-01T10:17,1994-03-23T10:58
1067,80,jezici,148,142,1993-08-12T20:50,1994-04-20T11:21
1068,80,ms.dos,270,261,1993-07-27T18:10,1994-04-21T22:50
1069,80,pascal,878,856,1993-07-26T13:16,1994-04-21T16:45
1070,80,razno,540,519,1993-07-27T06:47,1994-04-21T22:50
1071,80,windows,360,337,1993-07-26T13:47,1994-04-22T04:15
1072,81,algoritmi,153,153,1994-05-02T18:21,1994-11-17T17:49
1073,81,asembler,103,93,1994-05-08T12:11,1994-12-21T16:37
1074,81,basic,80,75,1994-04-25T20:18,1994-12-29T00:28
1075,81,baze.podataka,525,508,1994-04-22T16:44,1995-01-04T22:25
1076,81,cccc,586,567,1994-04-22T14:20,1995-01-04T05:15
1077,81,clipper,1267,1231,1994-04-22T13:28,1995-01-04T23:51
1078,81,comment,15,15,1994-04-22T15:34,1994-12-21T08:30
1079,81,cpp,157,140,1994-04-23T23:50,1994-12-28T05:47
1080,81,jezici,196,188,1994-04-28T01:05,1994-12-21T12:38
1081,81,ms.dos,123,120,1994-04-23T17:55,1994-12-29T22:50
1082,81,pascal,880,840,1994-04-23T00:55,1995-01-04T05:15
1083,81,razno,529,518,1994-04-22T15:23,1995-01-05T03:36
1084,81,windows,304,291,1994-04-22T14:25,1995-01-04T05:27
1085,82,algoritmi,106,100,1995-01-18T21:43,1995-09-16T18:28
1086,82,asembler,203,198,1995-02-05T16:39,1995-09-23T19:27
1087,82,basic,228,220,1995-01-21T07:37,1995-09-23T19:22
1088,82,baze.podataka,194,188,1995-01-05T10:39,1995-09-23T00:28
1089,82,cavo,192,190,1995-03-21T05:25,1995-09-23T13:00
1090,82,cccc,546,532,1995-01-07T11:19,1995-10-02T04:27
1091,82,clipper,1048,1023,1995-01-05T06:08,1995-09-21T15:42
1092,82,comment,2,2,1995-04-18T06:27,1995-06-07T06:15
1093,82,cpp,117,109,1995-01-09T19:22,1995-09-02T10:02
1094,82,fox,231,222,1995-02-01T11:41,1995-09-23T12:23
1095,82,jezici,126,115,1995-01-23T10:27,1995-09-05T10:55
1096,82,ms.dos,27,26,1995-01-23T17:06,1995-07-29T15:42
1097,82,pascal,1085,1065,1995-01-05T14:07,1995-10-02T04:27
1098,82,razno,593,574,1995-01-06T17:37,1995-09-22T13:09
1099,82,windows,332,323,1995-01-05T05:02,1995-09-19T06:20
1100,83,algoritmi,449,436,1995-09-25T08:28,1999-10-17T11:13
1101,83,asembler,553,535,1995-09-28T18:51,1999-08-20T00:40
1102,83,basic,458,449,1995-09-25T09:13,1999-07-22T07:49
1103,83,baze.podataka,309,302,1995-09-25T14:56,1999-10-02T16:10
1104,83,cavo,14,13,1996-02-13T14:11,1999-04-04T18:45
1105,83,cccc,522,504,1995-09-26T12:44,1999-12-21T17:38
1106,83,clipper,601,580,1995-09-25T18:03,1999-04-04T18:45
1107,83,cpp,299,289,1995-10-01T16:11,1999-12-21T17:37
1108,83,delphi,1130,1095,1995-09-30T18:58,1999-12-23T19:04
1109,83,fox,70,69,1996-01-20T18:27,1999-04-04T18:45
1110,83,java,100,93,1996-05-11T07:12,1998-06-23T17:31
1111,83,jezici,42,39,1995-09-26T19:40,1999-05-13T13:48
1112,83,ms.dos,17,14,1995-11-03T19:42,1998-01-19T13:15
1113,83,pascal,1297,1257,1995-09-25T12:13,1999-12-24T09:13
1114,83,razno,776,743,1995-09-25T02:15,1999-10-16T15:49
1115,83,unknown,127,124,1995-09-25T07:33,1996-01-19T11:02
1116,83,windows,294,274,1995-09-25T06:20,1999-11-28T15:22
1117,84,4dos,25,25,1991-08-26T03:46,1991-09-07T06:41
1118,84,baze.podataka,60,60,1990-06-02T00:13,1991-09-14T08:58
1119,84,bios,50,48,1990-06-13T23:46,1991-08-02T13:01
1120,84,cccc,343,328,1989-11-08T23:41,1991-09-20T23:57
1121,84,clipper,273,268,1989-11-08T23:41,1991-09-21T00:02
1122,84,grafika,189,183,1989-11-08T23:42,1991-09-16T23:43
1123,84,jezici,125,122,1989-11-08T23:41,1991-09-20T10:36
1124,84,knjige,61,59,1990-01-04T22:50,1991-09-09T10:56
1125,84,mreze,75,70,1990-08-04T21:10,1991-09-20T17:45
1126,84,ms.dos,492,473,1989-11-18T23:48,1991-09-21T18:50
1127,84,ms.word,42,40,1990-09-09T01:05,1991-09-21T20:36
1128,84,nabavka,153,144,1990-10-29T19:30,1991-09-19T17:57
1129,84,os.2,5,5,1989-12-18T23:06,1991-07-09T17:18
1130,84,programiranje,156,151,1989-12-11T01:08,1991-09-20T01:33
1131,84,radne.tabele,2,2,1991-08-05T23:58,1991-08-07T01:59
1132,84,razno,668,642,1989-11-09T16:40,1991-09-22T00:58
1133,84,spec.softver,212,202,1989-11-17T06:13,1991-09-16T14:16
1134,84,tekst.procesori,164,158,1990-01-21T22:27,1991-09-20T13:24
1135,84,tools,219,208,1989-11-15T02:38,1991-09-17T00:53
1136,84,turbo.pascal,247,239,1989-11-08T23:41,1991-09-21T21:10
1137,84,unix,322,314,1989-11-30T01:28,1991-09-19T10:46
1138,84,van.teme,17,14,1991-04-28T13:07,1991-09-17T22:02
1139,84,ventura,216,205,1989-11-08T23:41,1991-09-21T17:58
1140,84,virusi,255,252,1989-11-08T23:41,1991-09-20T17:28
1141,84,windows,270,264,1990-01-13T23:57,1991-09-21T11:06
1142,84,word.perfect,222,212,1989-11-08T23:41,1991-09-12T00:26
1143,84,zastita,44,44,1989-11-20T18:11,1991-07-25T09:01
1144,85,arhiveri,357,351,1992-02-14T03:17,1992-10-08T21:29
1145,85,baze.podataka,114,108,1991-09-25T08:52,1992-10-07T16:28
1146,85,cad,222,209,1991-09-21T22:22,1992-10-08T16:33
1147,85,disk.cache,145,143,1991-09-30T01:49,1992-07-27T18:49
1148,85,editori,245,237,1991-09-20T22:33,1992-10-08T20:31
1149,85,grafika,479,468,1991-09-28T21:55,1992-10-08T19:09
1150,85,knjige,69,67,1991-09-23T18:33,1992-10-01T07:15
1151,85,memory.mng,379,366,1991-09-23T12:07,1992-10-08T18:30
1152,85,ms.word,68,66,1991-09-22T14:25,1992-09-30T11:30
1153,85,nabavka,123,115,1991-10-15T07:09,1992-09-24T08:11
1154,85,razno,883,845,1991-09-22T12:27,1992-10-08T19:09
1155,85,spreadsheets,47,46,1991-11-22T22:38,1992-09-24T02:47
1156,85,tekst.procesori,315,309,1991-09-22T12:22,1992-10-08T20:20
1157,85,tools,504,476,1991-09-22T10:32,1992-10-05T20:22
1158,85,unknown,26,26,1991-11-15T23:43,1992-08-10T10:52
1159,85,ventura,229,212,1991-09-24T23:03,1992-10-08T20:29
1160,85,virusi,372,334,1991-09-20T16:08,1992-09-14T08:45
1161,85,word.perfect,377,372,1991-09-21T14:37,1992-10-08T19:08
1162,86,baze.podataka,116,109,1992-10-23T08:36,1994-01-10T16:19
1163,86,cad,1053,1002,1992-10-09T01:59,1994-02-19T16:41
1164,86,editori,653,620,1992-10-09T00:05,1994-02-10T20:10
1165,86,knjige,71,64,1992-10-09T00:05,1994-02-08T06:00
1166,86,matematika,206,197,1992-10-09T21:37,1994-02-18T23:08
1167,86,nabavka,84,70,1992-11-10T11:56,1994-01-06T03:08
1168,86,razno,1051,997,1992-10-09T08:05,1994-02-15T20:51
1169,86,tabele,111,102,1992-12-03T00:29,1994-01-17T22:46
1170,86,tekst.procesori,228,218,1992-10-09T00:00,1994-01-31T08:11
1171,86,van.conf,164,159,1992-10-13T16:06,1994-02-09T19:23
1172,86,ventura,146,139,1992-10-12T15:46,1994-01-29T10:18
1173,86,word,361,347,1992-10-21T20:02,1994-02-18T22:30
1174,86,word.perfect,446,439,1992-10-09T15:26,1994-02-03T00:30
1175,86,zastita,237,224,1992-12-24T07:29,1994-01-24T09:31
1176,87,baze.podataka,61,60,1995-09-16T11:14,1998-05-19T07:16
1177,87,cad,1195,1161,1995-08-16T21:04,1999-06-18T09:29
1178,87,dtp,542,521,1995-08-20T02:13,1999-10-24T12:11
1179,87,editori,150,143,1995-08-20T05:40,1999-10-05T17:46
1180,87,knjige,18,12,1995-11-22T21:21,1999-05-15T19:01
1181,87,matematika,88,84,1995-09-28T15:33,1999-02-16T16:18
1182,87,nabavka,57,53,1995-09-24T06:26,1999-01-24T14:52
1183,87,razno,1025,976,1995-08-17T13:59,1999-12-22T08:34
1184,87,tabele,188,181,1995-08-19T16:30,1999-02-15T09:49
1185,87,tekst.procesori,123,117,1995-08-19T04:13,1999-01-27T14:32
1186,87,van.conf,22,20,1995-09-24T21:30,1997-11-07T12:34
1187,87,word,804,778,1995-08-18T20:53,1999-11-10T00:19
1188,87,word.perfect,120,101,1995-08-19T04:15,1997-05-18T08:23
1189,87,zastita,174,168,1995-09-12T22:33,1999-01-30T14:00
1190,88,arhiveri,1345,1317,1992-10-20T11:15,1993-08-24T03:18
1191,88,disk.cache,188,185,1992-10-23T23:52,1993-08-30T23:38
1192,88,disk.soft,545,536,1992-10-08T22:07,1993-08-23T09:41
1193,88,grafika,552,538,1992-10-16T20:56,1993-08-29T08:09
1194,88,memory.mgr,589,568,1992-10-15T15:14,1993-08-31T07:10
1195,88,razno,617,602,1992-10-09T23:24,1993-08-28T18:51
1196,88,setup,26,26,1992-10-09T19:23,1993-05-17T12:24
1197,88,tools,602,588,1992-10-09T05:06,1993-08-31T10:58
1198,88,van.conf,17,16,1992-11-02T09:25,1993-07-15T17:35
1199,88,virusi,392,382,1992-10-19T09:29,1993-08-30T15:17
1200,89,arhiveri,350,333,1995-08-24T15:42,1999-11-11T17:27
1201,89,disk.cache,14,11,1995-09-05T20:03,1997-04-21T14:03
1202,89,disk.soft,338,328,1995-08-22T05:51,1999-09-23T07:46
1203,89,grafika,1123,1011,1995-08-23T11:57,1999-11-21T05:44
1204,89,memory.mgr,62,55,1995-10-23T02:19,1999-06-16T14:57
1205,89,razno,1585,1467,1995-08-22T09:59,1999-12-23T08:42
1206,89,setup,58,56,1995-10-13T23:52,1999-07-30T07:56
1207,89,tools,902,832,1995-08-23T18:26,1999-11-28T12:25
1208,89,unknown,3,3,1996-01-18T19:14,1996-01-18T19:16
1209,89,van.conf,24,20,1995-09-24T21:35,1999-05-17T22:40
1210,89,virusi,757,707,1995-08-23T02:49,1999-12-22T23:50
1211,89,zvuk,3150,3027,1995-08-22T07:28,1999-12-23T18:09
1212,90,benchmark,57,57,1989-12-21T21:25,1992-12-20T20:46
1213,90,bice,25,24,1989-11-14T03:31,1994-02-11T12:26
1214,90,in.memoriam,13,13,1990-04-13T20:53,1993-08-08T12:23
1215,90,ispravke,19,18,1990-02-25T22:50,1993-03-15T17:21
1216,90,istorija,37,37,1989-11-14T03:31,1992-04-19T04:13
1217,90,koncepcija,523,520,1989-11-14T03:31,1993-10-17T15:35
1218,90,konkurencija,183,177,1989-11-14T03:31,1993-04-24T17:52
1219,90,nagradna.igra,191,186,1989-12-15T20:52,1994-02-26T11:01
1220,90,ne.zelim,126,124,1989-11-14T03:31,1993-07-21T23:27
1221,90,novi.racunari,1957,1914,1989-11-14T03:31,1994-03-28T13:44
1222,90,razno,835,816,1990-09-07T10:58,1994-03-16T04:31
1223,90,saradnici,18,18,1989-12-09T00:19,1992-06-08T04:13
1224,90,statistika,40,39,1989-11-28T01:27,1992-12-14T02:18
1225,90,unknown,670,656,1992-05-01T02:12,1994-01-23T11:17
1226,90,zelim,266,260,1989-11-14T03:31,1994-01-08T10:15
1227,91,cena,28,21,1994-04-08T09:25,1996-12-26T11:25
1228,91,in.memoriam,7,6,1994-10-28T12:25,1996-10-09T22:32
1229,91,ispravke,11,9,1994-12-07T22:06,1996-09-25T21:25
1230,91,koncepcija,22,20,1994-05-31T15:28,1994-10-30T14:47
1231,91,konkurencija,294,288,1994-04-01T07:07,1997-07-01T01:35
1232,91,nagradna.igra,246,242,1994-09-09T19:22,1999-05-10T13:53
1233,91,novi.racunari,2222,2155,1994-04-05T13:33,1999-05-08T20:41
1234,91,razno,715,682,1994-04-08T11:13,1999-11-01T11:01
1235,91,statistika,5,3,1995-10-28T22:33,1995-10-28T22:33
1236,91,zelim,274,258,1994-06-06T20:36,1998-08-21T21:06
1237,92,komentari,416,400,1991-05-13T17:26,1999-10-21T23:03
1238,92,sajam,54,54,1991-05-13T12:33,1996-05-07T11:54
1239,93,fajlovi,255,237,1996-12-23T04:58,1999-11-09T10:32
1240,93,konferencije,14,11,1996-12-23T04:50,1999-07-07T06:31
1241,93,kritika,1164,1123,1996-12-23T05:23,1999-11-28T18:40
1242,93,obavestenja,43,42,1996-12-23T04:26,1999-12-14T12:01
1243,93,olr,1136,1117,1996-12-23T05:06,1999-07-03T10:48
1244,93,pitanja,2339,2244,1996-12-23T04:41,1999-12-21T21:05
1245,93,predlozi,1127,1086,1996-12-23T04:48,1999-11-04T05:12
1246,93,problemi,2196,2079,1996-12-23T04:43,1999-12-21T23:10
1247,93,razno,1220,1157,1996-12-23T05:21,1999-12-17T09:32
1248,93,vote,35,33,1996-12-23T05:13,1999-09-28T22:34
1249,94,fajlovi,242,228,1996-01-16T15:39,1996-12-19T17:49
1250,94,konferencije,28,27,1996-01-19T01:42,1996-09-16T15:32
1251,94,kritika,799,745,1996-09-07T22:24,1996-12-23T01:29
1252,94,obavestenja,84,84,1996-01-16T11:48,1996-12-23T04:21
1253,94,olr,734,701,1996-01-17T09:54,1996-12-23T01:32
1254,94,pitanja,3810,3554,1996-01-17T09:46,1996-12-22T22:05
1255,94,predlozi,850,788,1996-01-17T22:57,1996-12-07T07:58
1256,94,problemi,2431,2297,1996-01-15T18:37,1996-12-22T20:24
1257,94,razno,963,884,1996-01-14T07:57,1996-12-23T02:50
1258,94,unknown,35,35,1996-01-14T13:39,1996-01-20T14:12
1259,94,vote,24,20,1996-02-06T20:29,1996-10-15T12:33
1260,95,atletika,44,42,1996-02-27T00:11,1996-11-09T10:31
1261,95,auto-moto,669,634,1996-02-27T00:11,1996-11-24T20:46
1262,95,bilijar,91,89,1996-02-27T00:11,1996-10-22T01:32
1263,95,borilacki,155,144,1996-02-27T00:12,1996-11-24T22:27
1264,95,dogadjanja,71,66,1996-02-27T00:13,1996-11-09T05:36
1265,95,fudbal,2992,2882,1996-02-27T00:11,1996-12-08T08:13
1266,95,kosarka,932,884,1996-02-27T00:11,1996-12-06T11:19
1267,95,navijaci,1559,1484,1996-02-27T00:11,1996-11-25T07:19
1268,95,nba,2000,1973,1996-02-27T00:11,1996-12-08T08:00
1269,95,odbojka,96,94,1996-02-27T00:11,1996-11-22T18:37
1270,95,prognoza,502,453,1996-02-27T00:11,1996-08-22T23:48
1271,95,razno,280,251,1996-02-27T00:11,1996-12-07T12:27
1272,95,rekreacija,60,56,1996-02-27T00:11,1996-10-14T16:11
1273,95,rukomet,336,319,1996-02-27T00:11,1996-10-28T07:36
1274,95,sah,42,39,1996-02-27T00:11,1996-10-02T08:07
1275,95,skijanje,14,12,1996-02-27T00:11,1996-11-30T20:32
1276,95,tenis,32,32,1996-02-27T00:11,1996-10-09T11:29
1277,95,vaterpolo,63,61,1996-02-27T00:11,1996-11-06T06:11
1278,96,atletika,19,17,1996-12-09T11:06,1997-06-05T16:18
1279,96,auto-moto,678,664,1996-12-09T11:06,1997-07-07T10:26
1280,96,bilijar,12,11,1996-12-09T11:06,1997-04-06T08:55
1281,96,borilacki,25,25,1996-12-09T11:06,1997-07-05T05:14
1282,96,dogadjanja,51,50,1996-12-09T09:40,1997-05-08T22:04
1283,96,fudbal,1154,1117,1996-12-08T10:25,1997-06-26T22:00
1284,96,kosarka,1101,1068,1996-12-08T22:05,1997-07-07T13:05
1285,96,navijaci,660,637,1996-12-09T11:06,1997-05-22T20:42
1286,96,nba,5356,5329,1996-12-08T10:29,1997-07-07T12:42
1287,96,odbojka,146,143,1996-12-09T09:41,1997-07-07T09:05
1288,96,prognoza,360,346,1996-12-09T11:06,1997-07-07T12:59
1289,96,razno,111,101,1996-12-09T11:06,1997-05-27T04:50
1290,96,rekreacija,70,69,1996-12-09T11:06,1997-05-29T09:49
1291,96,rukomet,58,56,1996-12-09T09:41,1997-06-03T08:55
1292,96,sah,80,77,1996-12-09T11:06,1997-06-04T17:09
1293,96,tenis,25,25,1996-12-09T11:06,1997-07-06T14:27
1294,96,vaterpolo,42,39,1996-12-09T11:06,1997-06-27T09:46
1295,96,zimski,54,54,1996-12-09T11:06,1997-06-18T14:12
1296,97,atletika,8,7,1997-07-07T13:38,1997-09-12T14:16
1297,97,auto-moto,816,785,1997-07-07T13:41,1998-05-12T13:17
1298,97,bilijar,14,12,1997-07-07T13:41,1998-05-06T13:46
1299,97,"borilački",39,36,1997-07-07T13:40,1998-05-01T02:18
1300,97,fudbal,793,771,1997-07-07T13:38,1998-05-12T09:24
1301,97,"košarka",740,715,1997-07-07T13:38,1998-05-12T11:57
1302,97,"navijači",274,251,1997-07-07T13:43,1998-05-12T11:39
1303,97,nba,6701,6667,1997-07-07T13:39,1998-05-12T13:21
1304,97,odbojka,105,101,1997-07-07T13:39,1998-04-27T15:33
1305,97,prognoza,292,287,1997-07-07T13:42,1998-05-12T12:48
1306,97,razno,82,76,1997-07-07T13:37,1998-05-12T11:39
1307,97,rekreacija,19,17,1997-07-07T13:42,1998-04-23T07:39
1308,97,rukomet,12,11,1997-07-07T13:39,1998-04-22T01:32
1309,97,sah,43,42,1997-07-07T13:42,1998-01-24T18:14
1310,97,tenis,14,13,1997-07-07T13:40,1997-12-03T14:09
1311,97,vaterpolo,27,26,1997-07-07T13:39,1998-01-14T10:06
1312,97,zimski,21,20,1997-07-07T13:40,1997-12-18T00:15
1313,98,atletika,6,6,1998-05-19T07:34,1998-12-25T20:25
1314,98,auto-moto,413,387,1998-05-13T20:13,1999-03-20T17:23
1315,98,"borilački",13,13,1998-07-09T11:19,1999-01-23T22:45
1316,98,fudbal,1744,1694,1998-05-12T17:13,1999-03-26T20:41
1317,98,"košarka",1143,1067,1998-05-12T16:24,1999-03-24T14:42
1318,98,"navijači",595,548,1998-05-12T20:13,1999-03-23T19:35
1319,98,nba,5284,5242,1998-05-13T08:18,1999-03-27T12:28
1320,98,odbojka,32,32,1998-05-19T07:33,1998-12-22T22:28
1321,98,prognoza,650,624,1998-05-12T15:01,1999-03-25T08:01
1322,98,razno,60,55,1998-05-13T14:38,1999-03-24T08:26
1323,98,rekreacija,3,3,1998-06-16T22:20,1998-07-15T09:15
1324,98,rukomet,20,20,1998-05-22T08:24,1999-02-27T22:25
1325,98,sah,8,7,1998-08-16T15:18,1999-02-27T14:25
1326,98,tenis,14,14,1998-05-15T20:37,1999-01-30T10:23
1327,98,vaterpolo,9,9,1998-05-16T19:05,1998-06-14T07:45
1328,98,zimski,4,4,1998-05-22T08:39,1998-05-23T09:30
1329,99,atletika,1,1,1999-04-17T12:42,1999-04-17T12:42
1330,99,auto-moto,209,206,1999-02-03T18:19,1999-11-20T13:51
1331,99,bilijar,8,7,1999-07-14T20:33,1999-11-27T17:29
1332,99,"borilački",4,4,1999-05-30T23:15,1999-06-21T10:58
1333,99,fudbal,534,522,1999-04-02T07:37,1999-12-24T09:00
1334,99,"košarka",253,246,1999-02-04T01:31,1999-12-16T21:32
1335,99,"navijači",95,87,1999-07-15T09:50,1999-11-25T17:45
1336,99,nba,1414,1401,1999-02-03T17:53,1999-12-23T08:57
1337,99,odbojka,1,1,1999-03-31T08:41,1999-03-31T08:41
1338,99,prognoza,71,64,1999-04-19T14:00,1999-12-20T14:38
1339,99,razno,27,26,1999-03-31T00:10,1999-11-01T14:09
1340,99,rukomet,19,19,1999-04-05T18:44,1999-06-22T11:16
1341,99,sah,10,9,1999-07-27T12:25,1999-10-29T16:53
1342,99,vaterpolo,2,1,1999-06-06T13:16,1999-06-06T13:16
1343,99,zimski,1,1,1999-09-06T07:51,1999-09-06T07:51
1344,100,library,10,3,1995-08-30T06:46,1995-11-15T14:00
1345,100,unknown,270,266,1994-10-18T07:18,1995-12-11T09:14
1346,100,voa,416,409,1994-10-11T14:45,1995-12-05T08:43
1347,100,wf,319,311,1994-09-28T13:52,1995-12-11T08:53
1348,100,wnet,55,54,1994-09-28T15:23,1995-11-30T09:20
1349,101,aforizmi,99,97,1990-02-09T03:32,1992-03-19T00:34
1350,101,bez.veze,137,123,1991-09-30T19:16,1998-10-13T23:12
1351,101,bljak,198,189,1991-05-25T19:36,1992-03-19T18:21
1352,101,djetici,101,96,1991-02-07T11:06,1992-03-15T05:05
1353,101,english,1089,1084,1989-11-21T18:30,1992-03-19T14:29
1354,101,esnafski,140,132,1989-11-29T02:32,1992-03-13T00:16
1355,101,mih,549,528,1989-11-02T03:29,1998-09-04T10:49
1356,101,najbolji,28,28,1991-03-01T12:56,1998-09-25T07:58
1357,101,naravi,220,199,1989-10-26T02:26,1992-03-17T11:41
1358,101,pitalice,66,59,1992-01-18T15:04,1992-03-19T20:14
1359,101,politicki,407,386,1989-11-08T14:17,1998-09-25T07:47
1360,101,razno,1424,1335,1989-10-26T02:25,1992-03-19T00:34
1361,101,sexy,431,416,1989-11-14T00:17,1992-03-19T21:19
1362,102,aforizmi,239,222,1992-03-20T00:33,1992-12-11T01:04
1363,102,bez.veze,283,228,1992-03-25T09:43,1993-10-10T19:53
1364,102,bljak,164,138,1992-03-20T01:55,1993-08-28T15:24
1365,102,djetici,129,105,1992-03-23T17:58,1993-10-06T22:00
1366,102,english,238,225,1992-03-20T01:55,1993-10-01T20:18
1367,102,esnafski,180,129,1992-04-01T19:10,1993-09-28T12:57
1368,102,mih,343,282,1992-03-20T09:31,1993-10-11T23:17
1369,102,morbid,128,108,1992-12-12T00:07,1993-10-09T09:50
1370,102,najbolji,51,45,1992-03-26T20:01,1993-10-11T00:35
1371,102,naravi,391,335,1992-03-21T08:09,1993-10-11T05:13
1372,102,pitalice,399,331,1992-03-19T21:56,1993-10-10T14:09
1373,102,politicki,475,384,1992-03-22T23:00,1993-10-12T03:22
1374,102,razno,1161,888,1992-03-20T09:21,1993-10-12T18:47
1375,102,sexy,432,375,1992-03-20T08:18,1993-10-11T22:00
1376,103,bez.veze,275,241,1993-10-15T17:15,1995-05-11T09:35
1377,103,bljak,118,94,1993-10-20T03:28,1995-05-08T18:05
1378,103,bosanci,333,269,1993-10-15T07:40,1995-05-08T20:30
1379,103,crnjaci,256,216,1993-10-16T00:24,1995-04-29T23:52
1380,103,djetici,90,81,1993-10-15T07:37,1995-05-05T17:22
1381,103,english,388,347,1993-10-16T00:02,1995-04-30T15:04
1382,103,esnafski,268,211,1993-10-14T21:02,1995-05-01T08:50
1383,103,lale,60,53,1994-09-15T02:29,1995-05-11T12:27
1384,103,najbolji,45,44,1993-11-01T20:26,1995-05-01T01:25
1385,103,perica,53,48,1993-10-15T07:34,1995-04-29T14:52
1386,103,pitalice,566,468,1993-10-13T22:24,1995-05-11T19:11
1387,103,politicki,304,236,1993-10-13T22:00,1995-05-11T02:05
1388,103,razno,1795,1373,1993-10-13T09:31,1998-10-23T20:57
1389,103,sexy,383,305,1993-10-19T20:22,1995-05-02T21:10
1390,104,bez.veze,370,306,1995-06-02T23:19,1999-11-05T21:38
1391,104,bljak,113,97,1995-06-15T12:57,1999-10-05T18:59
1392,104,bosanci,305,262,1995-05-23T06:33,1999-12-16T19:33
1393,104,crnjaci,414,338,1995-05-21T22:30,1999-12-18T21:54
1394,104,djetici,148,121,1995-05-12T18:37,1999-06-05T15:19
1395,104,english,369,339,1995-06-13T10:47,1999-10-20T13:57
1396,104,esnafski,308,251,1995-05-12T09:15,1999-11-13T10:33
1397,104,lale,58,52,1996-01-27T13:00,1999-07-27T19:30
1398,104,najbolji,68,62,1995-05-24T05:25,1999-07-10T03:10
1399,104,perica,96,80,1995-07-11T07:34,1999-02-23T20:43
1400,104,pitalice,504,428,1995-05-18T06:57,1999-12-16T19:40
1401,104,plavuse,308,260,1995-05-13T23:20,1999-12-19T18:23
1402,104,politicki,587,500,1995-06-22T08:41,1999-11-14T03:27
1403,104,razno,3020,2365,1995-05-13T10:42,1999-12-19T22:13
1404,104,sexy,333,262,1995-05-12T22:01,1999-11-28T13:40
1405,104,unknown,22,21,1995-05-23T06:33,1995-12-01T21:31
